Frames,R:A:LEU:452,R:A:TYR:453,R:A:THR:470,R:A:ILE:472,R:A:VAL:483,R:A:ALA:484,R:A:GLY:485,R:A:CYS:488,R:A:TYR:489,R:A:PHE:490,R:A:LEU:492,R:A:ARG:493,R:A:SER:494,R:A:TYR:495,L:B:UNK:525
1,10.29,13.58,7.45,33.92,19.19,19.91,7.95,10.51,17.38,46.03,7.3,-244.56,28.73,14.58,235.13
4,10.5,17.01,4.16,24.91,26.33,20.84,8.8,14.92,15.43,47.28,6.78,-249.12,20.77,13.63,226.14
7,3.46,13.96,10.64,22.46,20.32,19.94,7.29,13.18,17.02,49.99,5.18,-246.19,21.56,13.9,233.92
10,6.19,10.02,3.29,25.23,17.39,18.27,10.34,10.06,22.35,43.47,8.66,-243.36,22.73,10.48,219.08
13,6.01,14.53,11.58,28.33,21.09,21.33,10.24,9.83,16.61,49.13,6.28,-242.47,20.75,14.16,241.38
16,4.66,8.94,6.33,24.41,17.63,19.41,8.27,15.26,18.34,50.27,3.68,-235.4,23.2,16.33,233.25
19,3.37,16.88,7.49,24.01,20.54,21.42,6.92,11.87,15.51,47.69,6.98,-243.28,21.44,14.37,232.43
22,6.52,21.23,6.28,24.11,21.53,23.82,8.96,9.92,17.5,43.12,7.04,-239.45,19.14,12.84,236.55
25,9.29,18.55,9.27,24.89,20.71,23.06,10.88,12.45,18.89,48.64,7.71,-242.37,24.45,18.88,229.84
28,5.3,12.25,7.35,25.91,24.24,19.69,8.26,9.84,15.13,45.93,4.82,-241.79,24.76,21.74,240.49
31,4.93,10.47,5.24,30.96,24.12,19.74,8.26,12.86,18.94,48.89,7.84,-242.94,22.7,14.97,232.02
34,7.43,14.03,8.43,28.96,28.16,21.61,7.67,12.81,18.02,43.88,5.44,-239.48,24.99,17.58,243.57
37,12.59,12.34,4.4,25.48,20.32,20.62,10.24,12.71,18.8,46.41,9.31,-248.87,20.11,18.95,234.64
40,9.27,12.49,6.39,33.08,20.67,21.61,6.92,17.15,16.65,53.22,4.04,-246.16,20.0,15.6,231.7
43,4.13,16.43,5.82,23.82,19.39,20.68,5.82,13.35,17.96,47.92,3.66,-251.51,21.78,13.87,236.99
46,-0.85,10.64,8.01,24.56,16.57,21.67,5.34,13.52,17.09,49.11,3.8,-245.48,21.77,13.71,229.98
49,10.28,16.59,2.13,29.61,22.24,18.09,9.28,11.12,23.92,49.79,8.07,-241.04,20.35,23.1,235.82
52,11.95,13.95,8.98,28.02,24.23,23.5,10.33,12.07,17.29,52.75,7.68,-246.09,20.99,20.25,234.17
55,2.74,12.07,8.39,25.32,21.07,19.7,7.33,14.98,15.09,49.03,1.18,-243.08,18.99,22.7,235.84
58,5.88,15.58,8.09,35.63,21.39,17.83,6.44,15.83,15.97,45.24,8.03,-241.0,21.0,18.5,235.28
61,11.76,15.46,6.62,28.33,28.11,25.84,9.2,12.85,13.43,43.64,1.56,-241.56,20.47,26.27,221.55
64,8.19,16.25,1.9,28.13,23.55,20.15,4.95,13.77,19.94,41.28,2.84,-241.74,20.79,24.36,227.02
67,4.6,16.65,6.75,29.46,19.7,21.67,8.36,10.68,14.86,40.87,6.13,-249.8,21.74,19.72,228.6
70,4.05,16.88,2.25,28.65,25.84,20.19,5.29,11.07,14.12,44.62,0.14,-249.75,24.13,16.16,234.26
73,4.47,9.98,5.7,26.8,25.37,19.47,4.21,9.83,21.37,50.59,3.24,-244.72,25.14,15.82,235.97
76,-0.13,12.64,6.14,26.68,24.84,17.44,10.66,15.22,16.36,47.48,9.57,-240.2,26.38,17.75,236.87
79,9.2,15.5,3.66,33.75,23.48,20.56,9.6,13.77,22.98,53.92,8.43,-241.51,23.56,17.46,225.15
82,7.14,17.51,9.54,27.06,25.89,24.32,7.61,13.1,13.02,39.63,4.66,-248.62,24.46,20.63,236.63
85,7.45,12.52,8.86,24.04,25.4,22.52,10.96,15.27,17.58,42.15,3.16,-240.24,22.66,16.36,239.67
88,3.79,11.51,4.35,30.34,31.42,17.86,9.36,15.67,15.82,53.26,5.84,-247.09,21.56,21.0,222.38
91,4.35,11.42,6.56,27.28,21.63,19.87,6.25,10.44,21.27,50.17,6.33,-239.96,19.29,21.55,226.93
94,9.67,12.84,9.46,25.5,29.19,17.62,8.19,11.37,13.8,56.64,5.44,-244.4,19.94,15.18,239.94
97,2.48,12.79,9.61,26.68,23.64,22.81,5.81,16.44,16.93,49.34,1.63,-242.27,22.02,17.82,217.47
100,8.28,13.01,8.46,28.98,22.6,21.83,5.92,13.09,18.16,55.53,0.14,-240.89,24.75,27.02,233.08
103,2.26,13.54,2.1,32.33,18.78,18.79,8.35,9.67,13.36,52.49,3.35,-237.98,22.18,16.14,228.3
106,3.68,13.15,5.4,29.44,19.34,24.0,8.09,13.93,19.65,48.36,2.34,-249.16,20.84,21.99,237.19
109,2.92,16.64,1.13,29.02,18.5,23.1,5.99,11.85,19.79,51.72,7.37,-245.2,22.29,19.96,246.86
112,5.42,15.71,5.4,29.26,23.66,21.11,9.17,17.41,15.21,45.83,7.1,-243.58,19.84,16.35,230.8
115,6.58,12.55,2.48,24.84,22.02,28.02,6.63,13.9,23.52,51.89,7.39,-240.1,21.26,25.7,233.6
118,0.39,17.7,5.96,32.56,21.38,21.61,8.98,7.5,17.2,52.45,3.01,-246.2,23.57,16.29,236.35
121,10.31,13.29,6.65,33.98,19.72,22.22,5.95,11.8,14.69,51.11,5.65,-245.68,24.31,17.99,225.8
124,4.77,12.87,4.24,33.95,18.9,21.17,6.25,14.38,14.5,47.32,8.23,-249.46,17.99,25.94,238.82
127,2.76,12.31,7.7,30.42,20.69,24.85,4.88,12.57,16.66,47.17,7.55,-241.3,27.75,17.91,233.81
130,5.71,12.96,6.99,28.56,23.13,24.22,6.98,13.45,16.35,50.76,8.23,-238.01,21.36,17.88,227.58
133,3.35,15.84,3.33,28.34,19.81,20.63,8.17,13.82,13.73,50.55,4.52,-246.29,21.62,19.36,222.3
136,0.7,14.12,3.0,28.4,21.37,23.15,7.54,15.56,16.09,49.63,1.54,-247.21,19.03,19.7,229.7
139,5.44,13.91,3.97,28.94,20.4,22.64,4.57,19.54,13.45,49.68,5.88,-244.65,20.74,17.55,237.94
142,-0.6,16.58,4.15,31.14,18.32,22.23,5.71,10.76,20.87,56.01,9.44,-241.89,19.5,15.52,237.79
145,5.39,11.79,5.17,28.83,24.06,21.48,7.28,15.34,16.24,51.85,2.37,-243.4,26.23,17.29,236.55
148,5.33,13.42,9.33,24.32,25.56,25.17,7.89,14.99,16.44,46.24,6.33,-242.23,23.57,20.27,240.77
151,4.14,14.42,11.98,27.3,19.01,23.16,7.36,13.42,18.32,45.65,11.98,-243.39,24.47,17.64,237.07
154,5.26,18.71,4.34,28.71,22.98,21.03,5.86,17.68,20.2,44.02,-1.34,-241.91,15.98,14.65,237.08
157,7.84,14.07,4.11,30.32,16.9,18.92,7.17,11.32,17.02,42.72,-1.13,-244.57,23.25,16.91,224.45
160,1.31,15.49,8.68,25.73,21.7,19.8,8.49,12.06,19.3,48.82,0.62,-241.02,20.82,12.96,237.39
163,3.69,16.81,4.55,23.96,18.88,22.6,12.53,11.81,21.71,43.0,1.85,-241.94,21.94,12.28,225.66
166,2.46,9.23,4.71,28.56,23.66,20.36,6.93,12.2,19.73,44.7,-0.71,-244.08,22.26,8.74,222.45
169,10.68,16.0,6.71,31.2,25.99,19.16,7.3,12.09,16.72,44.49,1.56,-243.72,21.08,16.88,234.86
172,4.43,15.69,4.98,32.63,16.38,21.84,6.4,11.59,16.3,42.45,2.12,-248.63,22.8,12.08,236.23
175,4.61,12.98,3.26,31.85,17.59,18.49,6.04,16.83,21.32,44.23,-2.2,-244.47,26.84,17.52,221.67
178,5.57,14.44,7.23,26.45,17.44,24.91,5.65,13.79,26.4,48.6,2.77,-246.24,19.8,21.08,245.32
181,2.99,10.99,5.91,29.69,19.31,20.26,6.56,9.98,13.99,48.82,2.03,-244.05,27.04,18.61,229.25
184,0.85,8.75,4.84,31.74,16.76,20.4,9.93,8.89,18.2,52.46,-0.69,-246.44,22.47,23.43,240.05
187,7.17,17.18,2.7,23.59,20.36,20.14,6.1,11.63,19.86,49.05,2.22,-243.29,20.84,24.66,230.9
190,9.27,15.46,7.3,31.01,18.39,21.51,7.49,14.08,15.4,51.44,1.21,-243.18,23.02,25.37,240.8
193,5.64,10.17,7.04,27.04,19.06,18.84,6.17,11.53,15.23,45.7,4.84,-248.04,23.55,18.17,230.01
196,5.78,13.76,0.48,29.15,21.99,26.37,9.2,15.96,15.65,46.09,7.13,-244.46,22.04,12.32,225.37
199,2.56,11.07,2.53,33.03,25.6,19.0,5.81,12.03,21.27,50.32,4.33,-249.96,21.35,13.06,228.01
202,5.21,13.6,7.8,25.65,17.97,16.1,6.44,10.14,16.62,44.51,2.9,-250.27,23.94,16.11,223.31
205,0.61,12.61,7.52,31.25,19.55,21.15,4.96,13.47,19.28,44.15,3.55,-248.49,27.97,14.86,231.91
208,7.31,16.91,3.01,26.97,21.99,20.81,7.3,12.83,17.59,49.7,2.17,-245.12,22.42,10.38,239.03
211,6.49,16.0,5.12,25.41,22.88,19.21,8.15,15.45,21.1,45.44,-1.35,-244.87,24.97,18.83,236.04
214,6.3,12.79,0.95,28.44,19.27,16.45,7.99,12.32,17.14,43.8,2.7,-247.59,21.75,15.94,252.91
217,6.35,17.95,3.99,32.84,17.51,22.86,5.89,10.73,15.74,48.86,7.95,-241.79,23.19,13.68,229.76
220,1.35,14.09,5.13,27.96,22.78,16.91,5.4,12.54,16.26,45.86,1.91,-242.9,20.02,18.08,239.42
223,5.3,14.28,8.74,28.11,22.88,19.48,5.6,9.9,17.78,47.4,1.71,-240.42,21.62,15.09,236.78
226,4.07,8.85,5.03,31.26,20.05,19.25,4.3,11.74,18.73,43.06,2.91,-247.59,22.14,19.44,238.31
229,5.57,12.58,6.1,26.42,18.17,20.78,6.5,12.89,15.68,44.91,3.67,-245.08,25.7,9.93,235.51
232,7.08,15.23,5.09,26.35,22.83,25.2,4.23,10.61,10.1,41.26,4.57,-248.47,23.72,25.63,237.53
235,5.38,18.08,7.26,30.68,19.56,17.92,5.33,14.24,18.31,40.23,0.51,-239.81,23.76,12.78,227.77
238,6.87,15.76,7.33,24.2,18.78,17.1,6.86,9.21,12.93,46.48,6.14,-242.75,25.82,16.36,235.38
241,8.58,11.5,7.43,22.84,22.87,19.41,6.64,9.2,21.22,45.11,1.43,-240.05,20.42,15.57,225.72
244,4.38,11.08,5.48,28.46,19.29,19.39,8.48,10.32,16.98,45.0,2.21,-243.35,26.7,13.79,239.3
247,2.51,15.25,7.63,25.91,18.63,18.25,7.32,12.17,23.17,41.84,7.35,-241.0,23.94,13.68,231.67
250,1.32,18.39,1.31,27.58,20.54,19.54,9.88,12.89,20.78,42.76,5.81,-245.45,19.52,23.05,230.33
253,6.7,13.88,3.93,27.5,21.64,21.52,5.65,9.14,18.11,44.43,2.16,-244.39,22.3,17.69,230.69
256,5.12,7.59,7.91,27.59,18.11,24.63,7.68,11.31,21.64,50.44,1.32,-240.39,24.0,22.21,230.85
259,6.46,14.37,3.3,28.01,17.51,19.33,8.3,12.56,24.52,47.53,0.53,-241.33,22.67,16.65,236.88
262,5.45,12.4,6.21,29.86,19.87,21.52,6.51,14.67,17.84,44.53,1.5,-248.31,24.36,21.24,230.0
265,0.72,10.88,2.35,30.44,16.93,22.64,13.21,12.61,14.03,44.23,7.82,-248.1,24.48,17.19,237.67
268,10.17,17.87,9.08,24.65,16.3,22.71,8.92,13.68,16.24,46.79,1.18,-238.9,24.06,27.38,241.6
271,5.26,15.44,9.74,27.52,21.27,19.85,6.25,10.72,18.84,45.5,-0.2,-247.65,20.64,21.84,226.0
274,4.09,10.31,8.77,25.24,21.65,19.53,6.49,14.91,19.11,46.35,0.71,-245.79,21.41,18.52,232.16
277,2.24,18.27,9.72,23.4,17.48,19.95,7.57,13.7,17.97,42.33,-0.35,-245.78,23.47,11.77,229.07
280,7.55,21.21,7.29,26.31,16.56,21.48,8.09,10.88,21.36,42.17,1.05,-242.75,21.17,17.37,233.29
283,5.06,13.28,11.76,30.77,19.26,18.42,8.8,13.71,22.25,52.6,0.98,-248.93,25.21,15.97,239.69
286,2.49,11.06,5.79,25.02,15.03,22.21,12.45,7.65,19.69,46.45,-2.84,-247.6,21.4,17.84,220.77
289,1.8,12.39,2.05,26.42,16.5,19.52,10.34,11.86,19.48,50.41,0.89,-248.16,20.98,20.89,231.58
292,10.95,15.21,10.84,28.7,20.06,21.44,7.14,9.22,20.02,42.43,4.8,-249.48,22.22,27.03,241.42
295,-0.47,16.94,8.24,34.39,18.17,19.68,12.17,15.28,17.65,45.54,2.23,-245.84,21.95,19.45,247.46
298,7.37,14.5,6.76,25.08,16.21,19.49,5.26,14.35,17.99,45.29,0.45,-245.3,22.66,16.54,244.12
301,6.93,12.67,4.14,25.97,19.38,25.45,8.53,14.45,16.68,45.38,-1.11,-240.19,22.26,24.94,233.61
304,7.11,11.72,8.03,32.38,19.85,17.97,10.66,13.03,20.23,53.02,2.66,-239.21,20.98,14.81,246.38
307,5.24,10.89,9.43,30.8,17.87,17.97,4.68,16.2,16.27,43.6,3.14,-248.4,26.02,18.93,235.8
310,7.11,21.33,3.06,28.61,17.7,19.48,8.64,10.65,19.19,45.92,1.4,-247.12,19.45,23.02,236.01
313,7.74,14.26,5.7,27.48,14.43,25.1,8.48,8.85,17.34,50.79,9.95,-242.77,21.58,21.01,226.63
316,10.32,13.2,7.08,23.31,15.84,19.34,7.46,11.35,12.74,50.78,6.4,-246.71,22.02,15.96,237.84
319,3.3,19.09,5.76,30.44,16.34,23.74,2.51,10.96,14.98,52.38,2.75,-242.7,22.88,11.1,238.26
322,6.64,13.63,3.56,30.97,21.15,21.55,3.78,13.34,19.61,52.06,5.59,-248.8,24.01,19.12,230.29
325,4.35,18.54,6.32,24.83,23.11,16.86,7.57,10.04,14.84,45.3,0.99,-243.99,25.83,16.95,238.96
328,3.54,13.19,1.41,24.91,18.08,15.94,3.7,6.13,15.33,49.14,3.36,-248.63,23.59,11.39,231.57
331,6.1,11.49,3.95,26.84,16.49,15.44,9.31,8.0,26.41,50.69,2.92,-244.9,23.97,18.16,244.31
334,1.17,14.15,6.44,25.51,23.06,18.3,5.32,10.2,15.33,49.31,7.32,-242.2,20.79,16.04,233.74
337,2.19,10.12,6.1,26.36,16.63,23.82,4.07,12.4,16.49,50.09,5.84,-242.43,19.83,15.24,230.44
340,4.62,12.02,7.38,26.04,15.26,17.99,6.65,12.93,18.01,55.02,-0.56,-242.15,22.21,14.09,231.42
343,0.62,10.4,4.18,28.06,18.12,18.34,5.6,13.44,12.02,48.63,4.59,-240.17,28.46,16.36,231.64
346,1.17,13.81,4.69,25.76,22.72,18.04,6.44,10.69,17.26,50.69,2.79,-245.48,22.74,11.46,237.71
349,3.56,20.72,6.15,23.66,19.05,20.84,5.79,10.6,14.48,52.56,3.61,-242.51,24.5,14.06,241.24
352,8.57,10.47,2.02,23.13,26.24,21.92,7.47,9.41,16.12,48.76,4.48,-240.45,24.28,13.8,235.47
355,3.42,14.93,7.35,24.54,25.22,19.23,6.4,9.43,26.2,49.79,6.64,-247.32,18.42,15.27,234.57
358,4.91,14.72,6.15,28.44,25.15,19.24,6.02,10.82,18.02,45.53,4.08,-242.59,27.8,13.74,228.26
361,-1.09,14.86,7.04,30.13,22.46,22.82,5.63,9.93,18.79,51.5,9.26,-242.28,21.88,17.22,227.0
364,5.25,11.3,7.15,21.35,26.62,20.53,7.46,13.31,18.45,47.4,2.38,-240.55,23.02,20.25,227.95
367,4.13,10.86,7.78,21.44,18.6,20.9,10.68,9.21,18.98,48.25,3.15,-243.82,27.48,13.52,239.06
370,1.63,14.28,3.79,25.89,17.95,21.29,6.3,9.82,14.37,50.09,1.19,-243.27,19.94,18.52,237.45
373,5.57,11.8,4.19,24.53,26.12,21.19,4.75,10.18,22.68,46.96,8.61,-249.32,27.0,19.52,241.0
376,4.58,18.8,5.49,26.5,17.24,19.15,5.13,9.89,20.63,50.85,6.94,-241.73,23.38,12.99,226.72
379,6.44,9.28,6.22,27.24,19.46,23.65,8.26,15.79,19.96,51.09,2.81,-242.13,22.46,17.36,237.56
382,8.35,10.62,7.05,26.46,23.4,19.27,4.45,8.57,19.18,50.19,2.25,-243.52,22.68,19.86,229.4
385,5.27,15.87,5.05,22.58,17.42,21.63,6.98,9.48,19.75,51.55,0.4,-240.19,26.11,15.69,222.31
388,3.56,17.8,5.07,21.06,21.22,22.86,5.79,8.91,18.82,49.95,4.3,-245.53,23.6,14.53,224.28
391,3.39,10.9,7.06,27.41,18.53,24.61,11.17,11.26,15.61,50.69,1.37,-246.04,25.02,13.99,227.96
394,6.21,9.07,5.06,28.83,20.52,21.99,11.39,11.83,16.56,51.47,1.62,-241.78,19.89,15.72,224.76
397,4.12,13.04,6.28,28.37,18.95,19.77,8.17,8.21,16.73,45.92,-0.3,-243.31,24.3,13.98,235.91
400,1.29,15.23,4.27,24.28,17.02,22.44,5.8,12.2,14.14,47.45,3.51,-241.02,21.2,17.73,230.79
403,3.83,7.37,6.66,29.78,20.5,19.21,3.87,11.62,13.37,51.86,5.01,-243.43,21.65,16.06,229.57
406,5.21,15.78,6.26,27.09,22.53,21.93,7.48,15.22,18.7,51.76,5.39,-245.84,24.57,12.52,238.7
409,1.84,9.66,3.5,27.99,23.67,16.97,7.11,9.74,18.21,53.06,6.06,-244.42,20.44,18.19,227.35
412,2.62,17.79,6.37,23.34,19.78,20.2,2.43,10.95,19.1,53.41,7.55,-246.29,24.16,12.11,225.24
415,3.56,15.61,2.4,24.88,17.23,19.87,5.66,9.72,16.34,48.58,1.54,-242.78,20.94,13.71,239.25
418,7.33,8.3,5.71,30.25,25.62,20.46,8.38,13.83,15.78,56.16,1.2,-238.42,25.97,19.28,231.65
421,3.66,14.36,5.1,28.2,17.93,20.53,4.89,9.76,20.03,47.62,3.1,-240.62,24.7,14.63,235.55
424,7.53,16.2,4.94,28.06,19.85,19.78,4.78,13.61,20.91,51.54,7.68,-241.89,25.11,15.22,228.54
427,5.81,13.7,5.93,28.0,16.79,19.11,4.52,14.83,17.26,51.62,2.44,-244.23,25.35,16.16,239.82
430,6.35,11.08,6.09,22.98,20.08,20.06,6.35,13.97,19.77,48.8,5.94,-242.27,26.12,18.13,246.85
433,5.94,20.32,4.64,31.0,17.76,21.31,7.92,15.78,19.59,51.48,-0.07,-241.38,22.56,19.52,232.26
436,1.31,11.53,2.81,24.94,17.05,22.01,2.85,13.38,19.52,52.98,2.21,-239.76,21.39,16.46,231.3
439,0.43,13.97,6.0,31.43,20.13,17.78,6.44,9.74,22.88,49.39,-1.54,-239.87,28.97,25.5,234.31
442,2.87,11.58,6.51,28.42,19.91,22.53,4.77,17.18,18.77,50.67,2.31,-242.72,23.06,15.58,225.36
445,2.0,15.25,4.27,27.98,20.26,18.91,4.11,18.21,19.09,45.63,4.05,-239.23,21.19,23.11,227.15
448,3.68,15.64,8.96,26.62,20.89,24.61,6.71,18.39,16.23,49.73,3.99,-243.11,24.09,17.56,237.17
451,1.69,9.23,4.59,25.77,16.11,19.8,3.62,19.22,15.21,53.56,2.07,-246.26,23.43,15.01,234.03
454,2.59,15.29,2.45,26.7,20.26,17.82,5.84,18.76,16.45,52.86,0.86,-240.63,25.37,20.76,231.8
457,1.72,13.83,11.5,23.24,23.74,14.72,5.18,18.78,16.21,45.51,4.25,-240.51,22.88,16.37,238.78
460,7.76,15.24,4.53,28.44,21.98,20.22,2.91,19.23,12.79,48.65,-0.67,-243.97,21.28,16.06,233.84
463,2.86,10.85,8.56,25.31,17.22,21.74,10.73,15.66,18.39,49.13,1.86,-246.06,24.35,16.7,237.65
466,4.55,11.31,4.59,27.62,23.57,22.97,10.08,19.15,13.69,48.14,7.3,-238.38,27.56,9.34,232.71
469,7.98,13.84,9.75,28.3,21.64,18.01,3.64,14.15,16.13,47.75,1.66,-240.53,22.8,19.47,245.69
472,7.4,10.48,10.28,26.0,21.33,18.05,8.81,9.38,22.25,56.53,2.61,-238.57,23.45,18.13,240.53
475,8.12,10.79,4.78,25.7,19.42,21.37,8.16,7.06,25.51,50.15,4.81,-240.54,25.41,14.27,231.16
478,3.81,15.56,0.45,28.07,19.25,22.86,6.12,11.64,16.74,51.67,4.48,-244.84,27.34,10.74,228.43
481,2.12,15.24,6.96,28.84,22.06,20.31,10.3,16.27,17.16,49.46,2.81,-244.81,23.97,17.63,232.9
484,0.9,11.34,5.42,23.31,16.96,21.6,5.17,8.53,19.74,50.0,3.83,-240.72,23.25,12.32,232.42
487,6.25,10.9,5.86,29.1,22.3,19.92,6.05,11.83,19.88,47.11,11.01,-243.95,22.09,16.45,235.44
490,4.19,14.26,9.37,25.8,18.35,22.32,3.97,12.35,17.62,53.76,2.48,-240.66,20.4,14.66,234.16
493,4.2,17.14,5.86,31.94,20.39,23.61,3.94,9.64,17.79,51.73,-0.41,-247.16,25.14,12.67,221.06
496,4.12,14.39,6.26,30.28,21.15,17.9,6.29,18.01,20.65,52.36,0.88,-245.04,23.95,17.92,233.24
499,8.71,12.46,7.14,29.02,24.42,18.54,6.24,12.01,17.35,50.77,4.43,-245.26,23.0,19.58,224.92
502,4.52,14.12,8.52,30.55,18.08,20.17,4.16,11.18,22.61,55.0,4.08,-239.83,26.98,16.17,219.49
505,8.36,8.6,5.68,25.47,15.15,23.18,6.07,9.67,20.01,50.69,5.82,-245.86,21.3,8.7,231.92
508,6.91,11.87,5.49,25.95,19.1,23.76,7.27,10.61,21.41,46.3,1.87,-245.56,24.01,18.17,240.67
511,3.1,11.27,3.57,30.17,21.72,23.29,4.11,9.11,21.65,49.8,3.96,-244.93,21.04,13.91,232.14
514,7.33,10.08,5.52,23.78,15.33,20.93,6.32,13.26,17.41,53.43,4.62,-243.31,23.6,21.0,228.36
517,5.05,15.29,8.21,28.43,16.23,18.03,1.89,10.36,18.8,53.04,4.73,-240.35,22.96,13.92,224.51
520,2.04,12.25,5.94,27.31,17.86,22.2,4.12,11.1,14.79,48.43,4.9,-241.85,20.07,6.84,229.2
523,8.58,12.31,5.56,27.36,21.2,19.12,5.05,7.95,14.53,48.54,0.79,-243.06,21.63,15.05,231.86
526,2.11,19.9,3.86,23.96,25.22,20.19,8.18,16.72,14.03,51.0,5.27,-246.31,23.44,15.45,233.95
529,3.15,14.93,7.59,23.95,17.1,19.96,5.53,9.55,15.44,47.01,4.92,-241.8,19.4,10.12,232.65
532,1.14,14.03,3.12,25.22,16.74,19.5,5.16,10.22,19.12,55.57,6.28,-245.3,23.11,18.96,225.52
535,7.99,12.17,4.65,26.95,19.89,24.04,6.7,12.65,15.7,49.03,1.78,-241.95,22.12,21.13,236.09
538,5.85,11.46,5.15,25.22,17.69,16.04,6.88,8.07,22.72,43.85,2.02,-246.66,20.79,19.3,234.93
541,2.11,11.98,5.48,26.56,20.73,19.19,7.93,11.82,18.61,50.92,5.11,-240.12,25.29,19.99,228.84
544,4.4,15.81,2.2,23.81,23.35,19.03,7.84,17.67,17.68,45.44,1.59,-240.12,19.72,22.33,221.03
547,5.24,12.69,5.35,29.57,18.59,23.7,6.49,9.88,28.01,49.99,3.48,-240.11,24.05,16.14,227.45
550,6.4,14.33,7.51,23.99,18.7,23.2,7.13,10.68,17.59,58.21,1.22,-244.09,23.82,20.22,224.78
553,3.83,9.07,9.5,31.05,14.39,17.55,9.34,16.13,15.62,48.71,-0.19,-244.31,25.72,17.7,222.25
556,5.23,19.47,7.0,22.64,24.92,17.23,6.62,10.3,16.28,47.38,5.09,-241.92,24.32,12.68,230.24
559,7.24,11.91,3.76,32.28,22.21,18.16,5.56,10.28,18.22,52.75,4.02,-240.8,21.95,17.31,245.68
562,4.84,14.68,9.22,21.7,21.27,19.0,5.4,9.85,14.91,50.3,3.16,-245.63,26.16,20.15,226.12
565,6.28,21.7,7.31,25.43,21.49,21.35,8.05,11.52,17.82,47.61,7.27,-243.86,27.14,16.88,228.01
568,8.14,18.3,5.59,28.89,16.35,22.73,8.17,13.35,13.99,50.45,6.93,-244.11,18.42,18.7,229.36
571,7.8,12.79,7.84,31.47,18.09,21.81,7.95,10.15,11.0,47.22,7.81,-243.09,20.85,22.28,231.93
574,4.44,14.71,7.62,26.75,19.38,24.2,7.13,12.02,18.19,49.33,5.76,-244.51,20.98,12.68,233.71
577,1.34,13.93,4.18,31.02,16.05,21.87,10.82,11.34,14.36,50.17,5.85,-231.49,22.06,21.3,234.81
580,9.56,10.16,7.88,24.23,17.7,19.22,6.43,9.62,20.58,48.2,4.51,-244.4,22.24,21.45,240.0
583,6.0,18.66,2.78,30.29,19.69,18.78,12.3,10.28,17.29,49.31,5.97,-245.73,25.04,15.35,227.52
586,1.78,12.15,4.87,29.24,19.71,21.64,7.47,11.25,14.44,48.17,1.83,-241.18,21.99,22.89,218.58
589,9.54,15.92,3.74,24.99,16.21,17.78,9.16,15.0,19.25,52.61,6.27,-242.51,23.35,22.94,231.48
592,4.94,12.38,6.99,30.11,17.0,21.22,6.35,9.3,17.86,53.55,6.77,-244.78,24.07,26.88,231.56
595,4.96,8.7,5.44,25.44,15.29,18.28,6.9,9.94,14.28,47.9,2.73,-243.68,20.0,22.28,229.5
598,3.45,10.13,5.33,29.53,16.21,17.99,6.35,12.36,20.84,50.91,2.68,-244.6,23.13,12.06,244.07
601,5.3,17.33,5.06,27.13,18.07,16.59,5.39,13.49,19.51,56.03,3.34,-237.34,27.64,17.55,232.74
604,-0.15,15.34,3.86,30.77,19.34,19.02,4.56,10.99,22.47,47.32,-0.75,-241.76,19.6,16.62,230.98
607,5.88,12.71,3.53,30.85,16.47,18.05,6.64,16.29,18.9,45.0,2.67,-241.39,21.54,16.15,237.47
610,6.19,21.88,6.89,20.95,16.65,17.03,4.51,7.49,24.71,45.27,4.88,-242.91,26.31,15.33,241.5
613,1.24,12.29,1.89,27.23,21.8,20.72,8.68,8.28,18.2,50.1,3.88,-239.94,23.66,7.52,226.75
616,3.13,15.34,8.85,24.6,15.25,23.7,8.78,12.17,18.66,46.36,1.15,-238.56,24.45,15.47,229.04
619,4.79,17.49,3.11,26.93,13.69,18.29,8.94,13.85,13.1,47.93,2.37,-245.42,26.32,16.23,221.86
622,6.29,15.85,6.16,26.29,16.81,19.65,8.54,8.77,18.45,47.44,0.01,-246.33,23.26,14.35,238.84
625,5.16,14.47,8.78,26.81,19.84,17.75,6.22,18.1,17.65,50.6,5.7,-238.96,19.23,13.71,235.65
628,0.91,12.4,5.06,28.29,21.06,19.95,5.53,12.82,17.81,47.28,1.56,-242.56,19.78,18.41,227.64
631,6.47,10.03,5.52,27.65,16.43,22.65,9.14,13.25,20.14,49.63,3.17,-240.4,22.64,11.42,239.42
634,5.25,11.62,2.92,25.4,20.46,23.36,9.75,12.58,15.73,47.98,1.52,-242.43,21.85,22.83,230.92
637,2.32,15.14,6.13,26.28,23.64,20.42,5.75,12.11,19.01,51.83,1.08,-234.98,24.02,19.34,241.49
640,8.92,10.17,8.89,25.88,17.27,19.45,5.62,12.44,18.46,49.28,7.27,-243.99,22.77,17.28,233.78
643,7.23,16.32,4.58,31.55,18.9,20.97,3.11,9.61,25.02,50.18,6.05,-247.47,21.85,18.98,226.88
646,5.59,12.5,6.29,33.23,18.43,19.17,7.96,12.18,20.07,51.44,4.13,-239.17,23.34,11.66,233.18
649,0.77,15.25,7.72,24.7,17.6,20.72,7.41,12.34,13.83,48.42,7.22,-245.14,23.74,14.82,240.69
652,1.24,9.64,6.84,25.25,14.61,20.2,5.58,11.17,18.85,54.9,3.78,-241.51,17.25,15.55,238.39
655,1.23,13.77,6.69,27.82,18.62,22.98,4.75,8.49,15.51,48.78,2.82,-247.3,23.52,20.17,242.08
658,3.01,14.26,11.36,25.63,18.6,17.57,4.43,13.28,14.82,46.7,2.78,-242.5,24.33,13.25,228.46
661,4.65,10.08,7.55,26.65,16.55,20.38,9.05,12.44,16.38,45.25,-0.05,-243.39,19.53,19.23,234.73
664,4.14,13.04,4.6,29.36,20.77,22.21,5.9,12.76,15.58,54.42,3.73,-244.05,23.96,18.58,234.72
667,5.46,9.52,5.55,32.03,18.65,18.27,6.3,13.34,18.12,56.7,4.89,-243.7,31.31,25.02,229.21
670,6.66,11.02,2.64,30.27,19.03,19.72,3.61,11.76,16.23,52.76,5.47,-244.41,26.05,17.74,230.39
673,6.46,15.5,3.57,29.43,14.45,20.56,2.12,11.63,15.3,55.02,4.67,-244.9,20.53,14.31,234.2
676,5.51,15.61,6.93,27.97,19.44,18.3,4.14,13.15,15.51,54.74,6.22,-243.4,21.82,20.13,230.51
679,-0.12,12.23,4.1,26.24,16.06,18.94,6.99,9.24,22.91,45.1,5.9,-236.4,20.29,21.01,220.09
682,5.57,11.2,3.15,27.22,20.08,20.8,5.83,13.17,18.09,47.74,5.24,-246.88,22.53,10.94,237.62
685,9.2,14.41,6.8,26.08,21.71,25.29,7.27,11.45,18.36,51.48,5.03,-242.6,24.94,13.11,236.42
688,4.69,16.57,6.35,28.25,18.75,23.71,6.62,11.61,12.47,47.51,1.01,-245.48,22.86,16.62,231.06
691,2.36,14.72,9.48,32.22,17.0,20.18,4.52,8.56,14.89,47.67,3.4,-246.89,23.15,16.58,232.02
694,4.9,19.39,3.15,24.01,18.91,18.04,4.93,7.56,12.54,50.34,7.55,-244.24,22.32,12.15,227.32
697,5.76,12.41,6.46,26.77,16.17,20.31,5.32,8.64,15.26,48.87,1.26,-246.36,21.52,17.83,236.47
700,10.9,14.44,5.03,30.5,17.0,20.53,4.82,10.3,16.7,47.16,2.84,-241.94,21.08,13.16,232.77
703,1.58,8.9,2.82,30.13,21.09,17.7,5.75,8.56,15.03,52.31,1.18,-246.97,28.1,15.26,221.28
706,6.21,14.84,7.93,28.06,20.73,21.93,5.26,9.38,10.63,52.87,3.0,-242.52,22.79,12.73,225.71
709,2.65,16.62,6.6,26.53,18.6,18.1,6.21,13.0,16.99,47.48,1.91,-244.97,18.07,18.55,233.55
712,4.6,8.62,9.14,23.08,21.43,18.97,6.93,9.12,17.11,54.03,5.07,-240.93,23.31,18.39,229.63
715,5.83,14.52,4.09,28.78,23.49,16.75,3.25,7.77,16.2,47.57,1.22,-247.58,23.16,21.35,225.13
718,2.55,15.39,5.86,25.06,19.94,23.36,6.43,10.91,17.47,50.31,5.7,-235.81,19.16,15.24,245.06
721,8.68,14.25,2.6,34.12,19.95,17.86,5.46,10.91,19.5,45.19,7.61,-241.36,22.04,16.76,221.48
724,0.1,23.43,5.43,29.47,15.93,20.24,7.2,10.39,19.04,51.1,1.48,-238.07,18.32,23.55,236.0
727,10.28,18.71,7.58,24.27,14.93,23.24,5.61,9.52,19.27,57.35,0.96,-244.49,22.42,17.25,236.77
730,8.78,9.7,4.18,25.58,22.7,18.15,7.65,8.64,19.25,52.01,3.0,-242.33,25.87,12.47,233.18
733,1.9,20.38,5.04,22.54,17.39,22.26,7.57,14.53,21.47,52.8,4.68,-241.63,25.23,14.03,232.4
736,2.87,12.58,6.22,29.87,20.76,23.78,9.36,12.84,18.03,45.79,2.25,-242.08,20.39,13.12,236.14
739,2.63,9.84,8.2,27.3,20.16,19.91,4.69,12.26,18.06,51.77,9.45,-242.84,25.35,16.18,231.8
742,1.07,17.31,3.37,27.18,20.51,20.42,4.37,9.61,15.48,50.57,5.12,-245.2,25.08,15.12,230.2
745,7.86,12.56,3.54,27.14,22.43,18.96,5.07,14.24,18.02,51.14,2.48,-240.93,24.68,16.89,220.1
748,6.2,13.8,9.98,27.21,17.8,15.73,4.02,8.81,19.59,50.86,8.32,-238.8,24.42,12.92,240.48
751,1.09,13.42,8.06,27.63,20.7,21.46,5.04,10.99,17.57,49.07,1.49,-244.58,30.05,16.05,231.66
754,8.21,11.12,5.21,36.38,16.67,24.34,7.18,10.25,18.38,50.33,6.33,-242.62,22.68,18.35,232.59
757,2.42,14.54,6.31,24.2,22.04,21.97,3.42,9.46,13.88,43.76,4.09,-244.35,29.12,9.09,230.41
760,0.31,11.96,6.83,27.69,19.08,21.87,6.64,13.92,20.16,43.25,0.36,-244.82,23.87,15.87,239.48
763,3.06,9.01,6.82,29.38,18.44,22.95,5.95,8.44,23.03,50.6,3.64,-249.18,19.28,24.33,238.74
766,7.6,13.63,7.14,32.48,17.48,18.41,8.42,13.85,13.38,46.73,4.81,-244.02,23.18,16.95,234.14
769,4.82,14.07,4.67,26.74,20.25,21.29,4.27,14.38,14.62,49.85,3.87,-246.43,24.01,23.07,231.84
772,4.9,13.07,9.1,29.33,18.75,17.84,6.94,11.92,20.56,47.76,6.8,-237.09,25.94,15.31,243.41
775,11.05,12.58,3.65,25.91,17.19,18.09,8.34,10.8,12.37,51.08,6.49,-239.39,24.72,23.37,222.79
778,12.8,11.3,6.15,34.54,16.75,21.72,4.6,10.47,12.23,49.05,6.9,-247.17,22.48,22.85,230.62
781,4.33,18.26,5.57,30.07,14.8,15.82,3.86,10.49,21.0,49.11,8.14,-249.21,19.59,20.68,227.24
784,5.91,15.96,5.45,26.09,19.01,21.12,10.09,12.26,21.64,49.66,5.16,-241.98,22.45,22.9,237.32
787,4.3,14.98,9.3,24.96,19.94,16.93,6.78,9.33,18.57,48.11,3.29,-241.6,19.61,18.09,227.21
790,5.22,13.23,8.39,25.48,19.62,21.35,5.11,8.11,19.17,52.58,8.48,-238.42,18.92,19.73,226.68
793,7.28,18.12,4.63,32.62,18.22,19.48,9.79,14.16,16.48,50.49,5.63,-238.24,24.01,19.67,236.92
796,4.54,10.72,3.55,24.86,13.8,19.02,7.26,8.01,18.65,46.01,5.6,-245.83,32.4,24.4,246.85
799,10.37,12.75,10.64,28.2,16.59,21.15,6.04,8.11,18.13,50.33,8.03,-246.71,21.53,25.78,236.8
802,5.45,13.46,7.93,30.93,22.67,16.96,8.18,10.82,15.09,52.35,5.63,-240.63,20.83,16.94,242.13
805,5.97,18.26,7.49,29.08,17.99,18.5,3.88,11.94,22.64,47.08,0.32,-237.65,24.08,21.67,234.06
808,5.86,13.51,7.26,30.22,19.69,20.25,5.15,11.65,15.53,51.49,3.2,-242.1,25.74,13.81,228.41
811,7.01,9.55,5.48,34.42,16.6,19.0,2.78,12.1,19.53,44.89,4.96,-245.0,23.26,16.15,230.14
814,6.41,12.44,1.82,27.4,17.33,19.07,4.15,13.83,20.79,54.17,6.82,-246.08,26.4,15.58,228.16
817,8.13,13.88,5.65,26.05,19.75,21.17,4.74,11.47,15.25,45.56,0.69,-249.5,19.23,15.36,222.57
820,10.25,22.28,4.55,23.66,16.06,20.3,4.11,12.49,15.96,46.02,-0.88,-248.33,23.44,17.81,217.85
823,7.25,17.46,2.86,28.5,18.76,19.04,5.56,12.94,16.56,48.02,3.88,-246.16,23.99,20.47,231.61
826,10.23,14.62,8.08,23.07,24.16,20.71,3.15,10.67,19.36,48.64,7.67,-244.55,20.31,20.9,223.95
829,12.4,15.52,2.79,27.46,18.51,19.43,6.59,11.35,18.59,42.3,2.19,-243.8,23.52,16.68,224.96
832,6.2,14.86,3.19,30.98,16.31,19.17,4.74,9.59,15.23,45.31,-0.16,-247.02,18.07,20.98,235.56
835,6.97,12.31,6.83,27.21,16.96,17.85,6.63,9.64,20.37,44.68,7.65,-245.28,21.84,17.97,223.46
838,3.83,14.02,7.06,28.87,20.55,17.72,6.19,15.04,12.8,47.52,3.97,-244.36,23.17,17.85,232.42
841,11.54,16.35,4.3,26.76,18.19,18.7,5.52,13.12,19.53,44.04,-1.32,-242.43,24.74,18.53,240.85
844,6.46,18.8,5.88,27.41,18.99,18.8,4.66,11.73,19.99,48.38,10.32,-243.21,19.43,18.55,237.48
847,3.71,12.95,5.36,37.73,22.03,17.0,5.27,11.14,16.72,45.73,0.74,-245.21,24.61,20.64,229.52
850,8.99,14.64,7.56,30.14,17.49,19.25,3.58,10.65,12.95,48.06,4.34,-239.26,27.34,12.68,242.26
853,7.4,10.47,10.1,27.38,21.1,17.13,4.42,9.76,16.24,50.94,6.29,-241.15,21.92,16.26,221.35
856,1.83,12.13,10.18,33.52,19.24,20.6,7.05,13.3,14.36,48.85,5.52,-241.38,26.59,16.41,226.79
859,13.93,15.02,7.15,29.05,16.84,25.21,5.89,10.42,16.09,49.07,5.72,-238.96,26.87,23.44,226.16
862,13.61,22.42,7.62,26.77,15.78,17.89,6.65,13.96,12.72,49.07,7.03,-244.54,21.16,19.18,225.7
865,2.71,13.45,7.82,26.86,19.22,18.59,1.45,14.86,23.36,52.8,3.73,-245.87,24.0,22.64,250.24
868,8.15,11.4,3.76,23.9,13.13,19.48,2.82,10.29,18.23,48.46,-0.61,-246.05,23.04,14.25,237.17
871,1.4,11.52,5.42,27.04,18.23,17.91,4.6,9.82,19.01,44.7,3.92,-242.08,22.83,19.08,234.12
874,13.07,13.53,9.05,28.28,21.52,18.4,4.92,9.04,17.37,46.94,-1.33,-247.38,25.66,27.63,230.46
877,7.57,17.22,7.37,33.17,18.98,23.87,9.38,9.48,16.11,42.88,2.08,-249.39,19.74,14.35,227.16
880,5.31,21.59,10.92,28.81,24.4,23.28,5.42,6.71,19.74,45.54,8.69,-245.83,23.75,14.53,231.03
883,8.41,12.85,6.07,27.53,15.57,15.58,6.69,11.73,16.79,43.25,-0.91,-248.68,22.85,18.18,247.31
886,1.98,13.65,3.89,27.07,16.21,20.21,6.1,8.78,20.26,45.05,5.54,-250.23,23.61,17.27,234.04
889,8.05,15.61,6.78,28.31,18.48,20.92,7.16,10.26,21.12,46.79,2.11,-246.91,23.0,17.19,247.4
892,4.52,15.98,6.41,29.0,16.63,18.11,8.21,10.75,17.27,42.91,2.46,-247.82,21.32,28.52,232.98
895,-0.86,9.93,6.27,28.48,18.92,21.7,6.64,14.44,22.17,50.07,7.15,-246.98,27.2,15.3,228.78
898,2.66,18.54,6.1,25.48,18.04,24.17,6.91,10.86,16.28,47.65,-0.15,-243.41,24.71,15.64,225.72
901,4.59,14.55,9.4,24.57,20.97,18.06,5.81,13.63,13.84,43.8,3.63,-246.98,22.52,11.6,227.96
904,4.32,14.81,5.14,25.97,17.65,19.83,4.36,12.76,23.92,46.61,2.56,-237.85,20.62,20.35,227.73
907,2.64,16.92,7.98,29.82,17.21,17.8,6.2,10.77,19.12,48.38,4.5,-247.81,20.68,21.25,234.56
910,4.12,15.07,7.14,36.95,19.15,18.42,4.95,10.71,14.53,45.27,7.46,-244.4,22.88,16.46,226.02
913,2.79,14.99,6.05,29.39,18.62,17.77,7.57,10.23,16.5,51.17,0.26,-247.07,24.75,21.47,235.09
916,5.29,13.65,7.04,28.22,16.11,21.52,8.53,12.81,16.72,47.11,0.97,-243.42,21.8,11.19,240.53
919,7.33,13.89,6.83,25.56,23.93,20.44,6.6,9.51,18.65,47.85,3.17,-251.79,21.16,19.45,231.71
922,0.62,17.58,11.17,32.12,26.76,22.11,6.53,13.27,19.95,44.47,3.65,-248.63,20.67,21.44,226.2
925,2.15,12.2,5.72,30.79,19.08,21.2,8.39,9.95,19.05,42.74,3.99,-241.17,28.59,20.35,242.04
928,5.73,12.55,5.85,25.5,20.26,19.89,7.61,10.63,18.64,48.39,0.51,-245.51,21.33,19.89,236.3
931,6.3,14.05,8.83,31.99,14.78,22.74,5.99,10.62,16.78,47.16,-0.16,-233.31,22.54,17.48,241.04
934,1.45,12.74,9.41,31.11,22.31,18.32,3.2,12.3,19.06,43.24,5.56,-242.83,24.2,20.1,234.1
937,4.95,16.45,5.34,26.09,19.36,20.13,5.96,10.02,14.94,47.45,5.7,-245.36,22.33,20.19,231.96
940,5.02,15.64,5.06,29.89,16.52,20.75,6.4,11.47,25.48,48.1,6.11,-248.23,21.96,25.27,234.18
943,4.17,13.36,7.82,23.29,19.56,20.87,6.73,16.71,16.94,48.79,-0.66,-250.23,20.6,24.36,222.55
946,7.35,11.05,4.72,29.88,18.25,17.77,7.26,9.19,19.19,44.03,4.27,-245.2,24.9,20.64,230.86
949,1.56,11.48,13.02,27.62,16.36,18.27,7.3,13.31,17.44,48.98,6.92,-237.42,19.31,16.82,230.98
952,2.66,12.99,5.0,25.76,19.33,18.48,2.67,14.57,19.05,44.3,1.65,-243.13,22.6,23.53,233.78
955,2.8,14.73,6.48,26.28,19.37,21.76,9.73,10.34,18.61,45.95,4.43,-243.58,23.58,19.66,232.71
958,1.02,8.94,4.07,26.33,18.84,18.11,4.04,11.25,14.33,45.14,-1.62,-250.2,24.77,25.02,226.86
961,7.84,11.9,7.17,27.28,19.35,21.87,3.61,10.43,18.97,50.79,3.71,-241.92,22.13,20.43,228.39
964,5.06,16.47,4.96,24.93,20.75,22.42,5.33,8.74,11.41,44.08,4.2,-245.65,25.77,23.97,227.33
967,0.74,15.35,6.29,25.47,14.06,21.34,5.55,8.06,11.82,46.76,2.81,-245.33,22.88,19.3,230.03
970,3.65,17.76,8.34,29.04,22.5,22.03,4.65,11.68,14.95,41.34,7.94,-247.21,18.32,17.15,232.94
973,3.97,11.26,1.53,29.04,15.5,22.19,5.44,9.49,16.63,45.3,3.29,-243.52,21.08,24.86,243.55
976,0.67,14.88,2.07,24.09,17.47,18.38,6.4,9.08,19.67,43.09,-0.0,-243.13,25.5,19.32,231.89
979,3.97,16.35,6.93,28.91,17.73,19.58,3.89,11.48,18.08,49.94,-1.85,-251.33,28.12,24.7,220.92
982,7.31,14.53,0.54,31.7,23.54,19.74,7.35,9.17,13.04,43.74,4.49,-248.0,25.6,18.76,228.11
985,6.84,15.56,5.99,28.47,18.16,19.97,5.78,11.56,13.02,48.92,5.13,-251.2,24.62,18.07,227.28
988,9.33,15.09,5.01,25.52,21.28,22.49,8.3,10.5,17.12,45.24,0.98,-248.22,24.38,15.92,235.12
991,5.43,16.09,6.78,29.56,21.35,19.64,6.78,11.56,13.63,46.93,0.72,-248.04,21.34,20.36,230.61
994,7.35,14.89,6.97,27.82,18.6,17.24,4.84,10.93,13.39,40.97,2.5,-241.56,25.38,18.99,234.71
997,3.5,15.77,2.18,32.29,17.11,17.7,4.13,10.98,14.82,45.82,5.37,-246.56,29.78,18.35,254.88
1000,11.93,14.5,15.14,32.87,21.04,18.03,4.68,12.26,17.4,47.79,4.74,-247.55,22.48,20.11,237.24
