Frames,R:A:PHE:490,L:B:UNK:527
1,-0.36,-7.39
4,-1.35,-4.93
7,-0.54,-5.06
10,-0.5,-6.64
13,-0.43,-6.65
16,-0.51,-5.83
19,-0.1,-6.26
22,-0.87,-5.4
25,-1.27,-6.5
28,-0.91,-4.72
31,-0.85,-6.44
34,-0.69,-1.78
37,-0.89,0.71
40,-0.8,-2.17
43,-1.17,-0.56
46,-1.04,0.54
49,-0.49,-0.89
52,-1.07,-2.21
55,-1.65,-2.33
58,-1.56,0.19
61,-2.83,-7.23
64,-2.73,-12.3
67,-2.45,-10.62
70,-2.6,-8.52
73,-2.83,-7.69
76,-3.32,-6.73
79,-3.15,-7.67
82,-2.52,-7.74
85,-1.96,-6.27
88,-3.01,-8.64
91,-3.19,-8.11
94,-2.96,-8.06
97,-1.5,-7.55
100,-2.44,-7.22
103,-1.2,-3.31
106,-2.59,-4.04
109,-2.47,-4.48
112,-2.44,-7.16
115,-2.97,-7.39
118,-2.63,-9.63
121,-2.14,-8.76
124,-2.42,-7.0
127,-3.18,-9.01
130,-2.33,-6.58
133,-2.08,-8.5
136,-2.17,-9.23
139,-2.52,-8.23
142,-1.24,-8.92
145,-2.43,-8.03
148,-1.98,-8.46
151,-2.92,-9.72
154,-1.95,-6.75
157,-1.91,-2.77
160,-1.64,-7.23
163,-1.9,-5.68
166,-2.53,-9.11
169,-2.94,-8.16
172,-2.57,-10.03
175,-2.79,-7.8
178,-2.06,-7.61
181,-1.57,-10.42
184,-2.53,-7.73
187,-3.15,-7.97
190,-3.51,-6.77
193,-2.09,-8.51
196,-1.87,-10.04
199,-2.64,-6.96
202,-2.97,-8.63
205,-2.8,-8.41
208,-2.86,-8.66
211,-2.99,-10.46
214,-2.76,-8.38
217,-1.8,-9.17
220,-2.61,-8.75
223,-3.23,-7.28
226,-2.38,-7.27
229,-1.71,-9.01
232,-2.62,-8.4
235,-2.12,-7.47
238,-2.87,-9.37
241,-2.71,-8.3
244,-3.09,-7.8
247,-3.01,-2.09
250,-2.98,-7.77
253,-2.15,-6.64
256,-2.44,-7.99
259,-3.57,-8.56
262,-3.3,-10.31
265,-3.18,-9.65
268,-3.01,-7.51
271,-3.46,-7.02
274,-2.9,-4.89
277,-2.73,-9.25
280,-3.15,-6.32
283,-2.15,-5.37
286,-3.03,-9.03
289,-3.04,-5.5
292,-3.59,-7.17
295,-3.02,-10.87
298,-2.79,-7.98
301,-3.07,-9.15
304,-2.84,-7.02
307,-2.67,-4.64
310,-2.58,-7.25
313,-2.44,-6.07
316,-3.07,-6.88
319,-3.89,-6.67
322,-3.93,-8.67
325,-3.46,-9.66
328,-2.46,-6.99
331,-2.82,-9.26
334,-3.12,-5.51
337,-2.22,-7.34
340,-2.94,-8.37
343,-2.51,-7.58
346,-2.46,-9.35
349,-3.52,-12.13
352,-2.04,-8.19
355,-2.02,-8.12
358,-2.68,-5.94
361,-3.46,-8.05
364,-3.5,-7.34
367,-2.8,-7.33
370,-3.39,-7.09
373,-3.2,-7.85
376,-2.35,-7.85
379,-3.38,-6.5
382,-3.45,-8.38
385,-3.0,0.75
388,-2.29,-0.26
391,-3.49,-9.86
394,-3.16,-9.89
397,-2.15,-2.63
400,-2.51,-8.11
403,-2.6,-4.77
406,-2.64,-10.55
409,-1.16,-0.3
412,-1.13,0.3
415,-0.86,-0.12
418,-0.26,-5.34
421,-0.95,-3.54
424,-1.07,-1.22
427,-1.0,-3.59
430,-1.12,-2.89
433,-0.85,-3.4
436,-1.31,-2.83
439,-1.3,-3.43
442,-1.22,-3.23
445,-0.72,-5.15
448,-0.86,-3.83
451,-1.13,-4.58
454,-1.23,-1.67
457,-1.46,-4.31
460,-0.63,-0.66
463,-0.83,-1.2
466,-1.15,-1.96
469,-1.33,-2.5
472,-0.65,-3.5
475,-1.4,0.55
478,-0.69,-3.19
481,-1.05,-2.31
484,-0.51,-3.28
487,-0.26,-4.29
490,-0.05,-2.23
493,-0.0,-0.04
496,0.0,-0.88
499,0.0,-0.19
502,0.0,-0.45
505,-0.0,-0.31
508,-0.0,-0.02
511,0.0,-0.0
514,0.0,-0.02
517,0.0,-0.0
520,0.0,-0.01
523,0.0,0.0
526,0.0,0.0
529,-0.0,-0.0
532,0.0,0.0
535,0.0,0.0
538,-0.0,0.0
541,0.0,0.0
544,-0.0,0.0
547,0.0,0.0
550,0.0,0.0
553,0.0,0.0
556,0.0,-0.0
559,0.0,-0.0
562,0.0,0.0
565,-0.0,-0.0
568,-0.0,0.0
571,0.0,0.0
574,0.0,0.0
577,0.0,-0.0
580,-0.0,0.0
583,-0.0,0.0
586,-0.0,-0.0
589,0.0,0.0
592,0.0,0.0
595,0.0,0.0
598,-0.0,0.0
601,0.0,0.0
604,0.0,-0.0
607,0.0,0.0
610,-0.0,0.0
613,-0.0,-0.0
616,0.0,0.0
619,0.0,0.0
622,0.0,0.0
625,0.0,0.0
628,0.0,0.0
631,0.01,0.0
634,0.0,0.0
637,0.0,0.0
640,0.0,0.0
643,0.0,0.0
646,-0.0,0.0
649,0.0,0.0
652,0.0,0.0
655,0.0,0.0
658,0.0,0.0
661,-0.0,-0.0
664,0.0,-0.0
667,0.0,0.0
670,0.0,0.0
673,0.0,-0.0
676,0.01,0.0
679,-0.0,0.0
682,0.0,-0.0
685,0.0,-0.0
688,0.0,0.0
691,0.0,0.0
694,-0.0,0.0
697,-0.0,0.0
700,0.0,0.0
703,-0.0,0.0
706,0.0,-0.0
709,-0.0,0.0
712,0.0,0.0
715,0.0,0.0
718,-0.0,0.0
721,0.0,0.0
724,0.0,0.0
727,-0.0,0.0
730,0.0,0.0
733,0.0,0.0
736,0.0,-0.0
739,-0.0,0.0
742,-0.0,0.0
745,0.0,0.0
748,0.0,-0.0
751,0.0,0.0
754,0.0,0.0
757,0.0,0.0
760,0.0,0.0
763,0.0,0.0
766,-0.0,-0.0
769,0.0,-0.0
772,-0.0,0.0
775,-0.0,-0.0
778,0.0,0.0
781,0.0,-0.0
784,0.0,0.0
787,0.0,-0.0
790,0.0,-0.0
793,0.0,0.0
796,0.0,0.0
799,0.0,-0.0
802,0.0,-0.0
805,0.0,-0.0
808,0.0,-0.0
811,0.0,-0.0
814,0.0,0.0
817,-0.0,-0.0
820,0.0,-0.0
823,0.0,0.0
826,0.0,0.0
829,0.0,-0.0
832,0.0,0.0
835,0.01,-0.0
838,0.0,0.0
841,0.0,0.0
844,0.0,0.0
847,-0.0,-0.0
850,0.0,-0.01
853,-0.0,-0.01
856,-0.0,-0.0
859,0.0,-0.0
862,0.0,0.0
865,0.0,0.0
868,0.0,-0.0
871,0.0,-0.0
874,0.0,-0.0
877,0.0,-0.0
880,0.0,0.0
883,0.0,0.0
886,0.0,-0.0
889,0.0,0.0
892,0.0,-0.0
895,-0.0,0.0
898,-0.0,-0.0
901,0.0,0.0
904,0.0,0.0
907,0.0,0.0
910,0.0,0.0
913,0.0,0.0
916,0.0,-0.0
919,0.0,0.0
922,-0.0,-0.0
925,-0.0,0.0
928,-0.0,-0.0
931,-0.0,-0.0
934,0.0,0.0
937,-0.0,0.0
940,-0.0,-0.0
943,0.0,-0.0
946,0.0,0.0
949,-0.0,-0.0
952,-0.0,0.0
955,0.0,-0.0
958,0.0,-0.0
961,0.0,0.0
964,0.0,-0.0
967,0.0,0.0
970,-0.0,0.0
973,0.0,-0.0
976,0.0,0.0
979,0.0,0.0
982,-0.0,0.0
985,0.0,0.0
988,0.0,-0.0
991,0.0,0.0
994,0.0,-0.0
997,0.0,-0.0
1000,0.0,0.0
