Frames,R:A:ARG:403,R:A:TYR:449,R:A:ASN:450,R:A:LEU:452,R:A:TYR:453,R:A:PHE:490,R:A:LEU:492,R:A:GLN:493,R:A:SER:494,R:A:TYR:495,R:A:GLY:496,R:A:PHE:497,R:A:GLN:498,R:A:ASN:501,R:A:TYR:505,L:B:UNK:527
1,-237.01,22.64,-52.75,2.82,10.24,49.9,5.66,-33.93,24.28,16.85,4.27,25.01,-15.46,-53.34,10.39,242.85
4,-239.37,15.3,-58.38,2.13,12.32,49.67,0.29,-35.82,20.71,15.92,3.93,23.99,-13.76,-55.83,9.1,234.26
7,-250.73,20.84,-57.12,7.41,7.93,49.21,3.43,-31.62,24.41,17.23,8.74,28.44,-17.95,-52.61,15.29,226.89
10,-241.4,11.76,-51.14,5.91,14.15,44.43,3.69,-35.58,21.93,14.34,4.01,23.57,-18.74,-53.82,17.78,239.84
13,-240.51,19.64,-53.24,5.62,11.71,51.12,4.29,-37.85,21.61,22.32,3.94,26.34,-22.99,-56.91,11.94,226.24
16,-229.32,16.78,-58.56,5.46,16.03,50.19,3.6,-37.37,26.06,15.93,5.36,26.42,-11.16,-46.75,13.92,230.45
19,-245.43,14.82,-53.9,4.06,16.89,46.89,5.59,-35.69,23.87,17.25,2.89,27.7,-18.08,-54.32,14.15,232.0
22,-234.49,18.27,-56.53,5.17,8.77,46.58,7.47,-32.96,25.71,14.31,6.67,26.36,-15.87,-51.29,12.51,235.9
25,-239.18,20.74,-57.53,3.75,11.88,43.89,7.93,-37.81,23.95,14.44,2.94,28.14,-14.37,-50.72,23.19,235.24
28,-245.77,19.58,-52.79,8.6,22.55,47.06,4.14,-35.62,18.04,13.12,8.64,32.31,-11.21,-56.22,17.56,228.91
31,-243.02,15.09,-53.57,2.29,14.08,51.75,8.16,-37.71,19.53,16.4,6.35,25.56,-20.51,-51.8,11.64,232.7
34,-241.89,23.94,-54.06,4.02,15.63,48.0,6.6,-32.94,21.08,15.21,5.6,25.72,-21.03,-60.47,15.32,226.6
37,-242.11,26.16,-58.49,2.82,17.28,44.42,7.01,-35.42,24.11,8.93,8.31,23.0,-19.93,-54.35,18.51,232.29
40,-239.53,23.03,-54.68,4.24,12.66,51.27,2.56,-32.94,23.93,13.0,4.45,23.32,-14.66,-50.16,20.82,241.36
43,-243.61,16.87,-54.34,6.42,12.6,46.0,4.33,-35.77,22.62,15.27,6.09,28.17,-15.88,-56.12,16.01,232.53
46,-234.82,21.0,-54.99,5.26,12.46,51.97,5.61,-34.77,25.23,18.22,6.05,24.72,-15.55,-52.06,20.43,229.63
49,-242.83,17.99,-55.14,8.11,18.34,43.66,3.89,-29.55,25.1,23.48,5.31,22.25,-13.98,-55.51,14.52,240.25
52,-233.12,18.61,-50.28,9.13,14.11,51.41,8.0,-36.38,23.29,23.25,6.17,21.42,-14.05,-55.85,16.96,236.28
55,-234.66,18.37,-53.7,15.87,11.88,49.72,5.18,-36.06,26.2,17.41,2.21,26.48,-15.53,-54.47,16.7,233.67
58,-236.26,24.46,-50.76,9.73,11.79,44.11,7.92,-31.91,21.64,18.5,6.47,25.24,-15.12,-52.13,16.39,238.97
61,-236.61,17.25,-56.04,9.18,19.98,42.12,6.25,-29.44,24.23,15.53,2.09,26.01,-18.22,-56.81,15.16,226.01
64,-243.98,19.93,-54.43,8.59,15.84,48.88,1.09,-33.33,20.83,17.28,5.35,30.02,-21.48,-58.3,18.83,229.35
67,-237.55,17.21,-49.9,2.28,9.5,43.65,2.49,-31.84,24.1,21.43,3.98,22.29,-18.53,-55.86,17.29,225.47
70,-242.79,17.98,-57.06,6.65,13.52,41.84,5.69,-33.64,18.82,21.83,1.29,27.01,-15.08,-51.95,18.2,230.35
73,-246.64,13.86,-52.94,2.24,11.27,42.19,4.79,-33.88,22.62,21.3,3.0,23.1,-17.39,-53.03,18.68,226.71
76,-245.61,17.12,-57.7,7.64,17.17,43.04,9.33,-35.3,20.21,15.73,3.37,29.91,-12.34,-48.7,14.71,237.17
79,-245.18,20.9,-57.06,8.23,14.95,41.91,5.55,-38.23,21.17,19.99,7.7,23.18,-14.08,-57.21,14.74,226.27
82,-239.41,19.78,-51.35,8.57,6.94,43.3,4.72,-35.69,24.11,19.17,2.76,28.82,-14.03,-56.49,13.4,214.59
85,-242.89,18.93,-56.92,8.47,13.93,45.22,4.97,-34.66,19.8,23.21,6.18,26.08,-17.02,-54.06,21.3,228.57
88,-242.33,18.63,-53.24,5.17,13.4,46.46,6.75,-34.06,24.89,19.23,6.96,24.33,-18.32,-52.99,24.04,221.98
91,-241.84,19.44,-53.69,1.93,4.73,47.67,2.74,-32.32,21.79,21.14,3.88,25.02,-17.97,-53.49,18.77,219.54
94,-247.6,16.88,-53.15,6.78,12.3,43.92,4.19,-30.34,20.02,19.46,6.15,32.6,-14.71,-53.08,13.31,231.56
97,-236.29,18.34,-54.71,7.69,9.03,45.52,11.97,-34.26,22.69,17.83,7.59,35.74,-18.53,-51.61,17.04,239.73
100,-247.92,24.31,-53.02,6.08,14.62,41.54,2.82,-28.13,22.27,24.24,5.26,23.41,-15.21,-51.87,13.52,228.11
103,-238.3,17.63,-53.48,8.05,12.0,50.29,2.8,-33.31,23.27,25.57,3.9,33.05,-18.37,-57.11,12.28,228.11
106,-240.1,20.69,-58.54,9.99,15.19,44.56,3.12,-34.64,22.58,19.01,6.03,22.55,-13.32,-50.26,11.79,231.31
109,-233.88,22.96,-57.25,3.36,13.64,43.24,1.57,-26.58,26.71,30.04,2.2,33.31,-18.23,-49.32,16.37,231.41
112,-244.64,20.94,-57.5,7.64,11.84,41.33,6.75,-31.31,24.45,15.89,7.36,24.53,-19.94,-54.83,14.41,239.89
115,-238.38,18.96,-53.6,3.68,18.52,38.24,5.26,-34.18,24.01,17.56,6.13,27.2,-14.9,-53.53,17.03,226.64
118,-249.04,16.73,-55.29,5.51,14.54,43.79,9.3,-35.57,18.8,25.21,2.82,29.68,-5.27,-54.08,20.16,223.05
121,-249.04,26.45,-57.27,7.5,18.31,52.51,7.18,-29.26,27.39,23.33,5.84,28.55,-16.36,-51.56,17.33,231.42
124,-238.17,19.36,-56.88,3.32,13.06,47.8,3.07,-33.49,24.94,22.08,4.76,22.9,-21.2,-51.13,15.56,222.1
127,-250.65,23.77,-54.0,6.98,20.89,52.28,7.62,-38.28,21.5,23.19,5.41,28.17,-15.79,-55.5,19.17,228.26
130,-241.3,19.93,-54.39,3.99,13.59,45.89,5.95,-33.2,23.14,15.64,7.13,29.24,-17.05,-52.27,17.04,234.05
133,-240.49,26.86,-52.82,6.44,21.32,43.86,5.01,-34.05,20.91,16.36,5.44,27.7,-14.87,-52.28,17.76,234.12
136,-248.3,22.85,-59.03,4.9,12.14,42.2,5.95,-38.07,23.12,16.18,3.54,28.74,-18.88,-54.31,15.05,227.51
139,-245.93,23.58,-59.65,5.97,19.44,41.6,7.39,-33.41,19.46,28.03,9.93,31.8,-18.18,-52.9,13.65,226.11
142,-236.47,17.34,-56.07,3.09,14.38,48.17,3.23,-37.46,23.84,19.64,5.5,23.51,-16.11,-52.47,13.19,226.57
145,-244.45,18.1,-52.35,5.52,12.18,46.21,3.77,-33.64,23.06,17.52,6.72,25.13,-17.57,-56.02,12.41,220.59
148,-240.09,12.8,-57.18,7.17,14.6,47.68,4.09,-32.4,21.1,23.37,5.23,29.01,-16.6,-52.13,11.48,229.34
151,-235.11,20.42,-54.27,7.33,14.86,40.38,2.15,-29.95,22.01,21.15,2.9,29.87,-15.1,-55.27,17.63,218.01
154,-243.18,16.78,-55.53,7.93,17.24,46.42,4.84,-35.51,21.35,23.89,8.05,28.92,-16.12,-54.54,18.07,230.19
157,-238.23,19.46,-47.91,10.05,14.28,43.0,8.05,-35.44,20.0,17.83,6.05,24.58,-17.66,-54.68,14.26,233.65
160,-241.83,19.27,-51.93,5.3,16.0,48.07,3.7,-32.97,19.46,23.45,4.69,24.41,-11.23,-54.92,11.77,228.34
163,-244.01,19.95,-58.5,8.96,9.08,45.04,8.96,-34.81,22.41,21.83,1.82,27.52,-14.07,-53.87,21.05,237.4
166,-248.97,24.79,-56.68,6.74,11.91,48.29,4.21,-34.02,23.11,17.53,3.02,25.36,-15.89,-54.67,8.84,226.01
169,-248.19,18.73,-54.28,9.01,18.32,44.93,5.86,-31.8,20.98,17.65,3.27,25.94,-15.9,-48.94,17.06,224.05
172,-238.48,20.69,-58.72,9.37,17.7,51.6,0.07,-34.09,17.86,18.19,5.47,28.22,-18.49,-54.11,18.37,232.45
175,-250.08,16.79,-57.2,6.62,14.67,45.32,2.24,-35.44,18.79,21.4,3.43,26.38,-15.55,-50.28,14.69,224.4
178,-239.75,18.53,-56.95,5.51,9.95,46.97,8.82,-33.94,18.71,17.43,5.72,27.32,-8.79,-53.42,20.69,232.11
181,-244.54,19.23,-56.54,0.2,16.09,51.61,3.82,-36.51,20.51,17.34,6.1,32.02,-11.28,-48.66,13.47,234.51
184,-244.14,19.79,-54.41,6.61,13.91,43.76,3.09,-36.95,19.67,14.25,3.85,26.37,-18.52,-55.67,16.43,224.16
187,-245.65,24.12,-52.3,7.3,12.72,49.77,5.61,-37.1,22.22,22.26,2.02,24.89,-16.7,-55.1,12.17,238.08
190,-239.43,20.69,-52.5,3.6,16.24,42.41,8.12,-38.75,21.84,12.65,3.41,27.84,-12.28,-52.54,13.82,222.16
193,-242.25,19.58,-51.7,1.41,12.69,47.35,5.52,-36.5,21.96,17.37,3.28,26.04,-14.83,-55.34,13.96,227.36
196,-243.97,19.21,-59.71,7.05,15.86,52.0,0.95,-34.03,25.74,14.31,1.81,28.24,-15.83,-53.7,15.43,225.14
199,-246.6,18.24,-56.08,7.45,8.21,44.25,11.63,-33.54,26.0,14.91,6.03,24.87,-14.56,-53.43,14.5,230.7
202,-236.36,18.1,-58.74,4.07,10.3,39.7,3.78,-34.35,21.25,17.61,4.97,23.98,-19.11,-53.71,18.1,226.35
205,-250.82,15.98,-55.79,9.22,16.13,41.32,2.47,-32.97,23.74,27.68,4.18,24.68,-16.59,-54.96,17.23,217.22
208,-245.43,16.81,-54.71,3.98,11.28,49.55,6.04,-31.37,22.04,16.34,5.58,23.18,-15.04,-50.6,15.95,224.86
211,-246.74,19.31,-54.95,6.29,11.85,45.34,5.74,-31.88,19.34,17.51,5.41,27.91,-12.97,-53.54,13.67,222.14
214,-248.63,14.51,-53.7,5.69,14.79,46.64,5.04,-36.42,22.78,20.07,3.44,27.76,-16.74,-51.92,14.12,233.94
217,-241.67,15.9,-54.68,10.88,17.35,46.42,2.86,-35.07,22.3,17.35,6.26,26.02,-12.53,-50.77,23.31,228.94
220,-245.0,21.07,-53.1,9.61,15.39,49.33,2.6,-31.82,24.69,18.97,5.09,28.12,-11.57,-49.96,15.81,220.4
223,-245.51,16.05,-51.72,6.67,12.92,46.38,8.24,-33.68,22.6,16.11,6.84,26.63,-19.03,-51.59,19.44,221.99
226,-247.3,20.42,-55.65,3.56,14.46,45.46,4.93,-36.17,21.22,14.24,4.68,35.08,-15.21,-48.99,16.88,231.95
229,-240.61,24.54,-54.58,4.13,15.95,54.59,5.7,-40.59,22.44,18.08,1.6,27.33,-19.31,-46.68,15.27,227.5
232,-242.0,17.42,-54.11,4.59,9.78,46.54,11.0,-32.79,20.96,20.49,2.44,24.68,-14.21,-53.69,17.65,223.86
235,-243.29,19.58,-53.21,5.83,13.97,46.94,6.27,-33.33,18.94,18.45,9.11,27.25,-15.1,-52.62,14.2,233.24
238,-241.31,12.74,-50.28,5.6,16.74,44.78,1.68,-38.79,23.07,11.68,5.81,20.48,-21.43,-49.29,22.81,220.64
241,-244.45,25.01,-53.21,4.95,17.56,41.78,10.37,-39.5,22.85,20.72,3.69,22.87,-14.9,-52.04,18.06,231.52
244,-238.53,21.21,-53.07,3.69,14.9,42.92,0.71,-37.24,20.29,17.88,3.43,20.66,-15.65,-51.16,15.94,229.56
247,-239.88,21.34,-51.24,4.76,9.76,44.07,3.92,-31.24,20.55,21.95,10.02,25.01,-16.22,-48.49,15.7,232.32
250,-247.74,20.92,-52.4,4.2,16.86,51.0,7.22,-38.31,20.38,16.27,4.34,33.43,-16.68,-49.77,15.39,232.0
253,-247.61,22.02,-52.35,3.61,16.5,47.27,1.36,-27.38,23.55,16.82,7.27,31.88,-21.3,-51.18,19.21,225.68
256,-248.12,20.07,-51.99,4.4,11.88,40.74,7.7,-30.73,22.06,18.11,5.62,23.98,-21.89,-49.09,23.14,233.86
259,-241.81,19.44,-54.27,9.91,20.09,45.76,6.82,-37.76,20.35,17.92,3.57,26.32,-16.3,-50.23,15.33,212.55
262,-246.86,19.01,-52.77,3.99,17.69,44.07,3.52,-32.48,19.59,20.37,7.03,25.57,-19.22,-48.19,18.48,237.99
265,-246.65,21.42,-55.15,3.51,19.76,46.25,8.47,-36.83,20.68,17.62,4.76,24.98,-20.75,-44.55,17.62,226.57
268,-243.12,22.99,-49.34,-2.17,13.17,46.16,1.53,-35.12,21.06,13.79,7.08,25.58,-17.03,-47.68,12.22,221.15
271,-249.8,21.32,-50.86,8.92,17.24,47.19,-0.55,-35.54,27.81,14.57,3.83,28.47,-18.98,-47.52,15.92,226.29
274,-244.18,22.57,-52.5,8.59,15.01,46.82,5.83,-31.92,24.74,19.68,4.32,30.6,-21.07,-52.19,17.19,233.18
277,-243.13,17.4,-57.81,0.95,11.32,43.78,2.41,-37.53,22.08,20.33,5.71,28.27,-19.87,-47.49,14.79,231.27
280,-251.78,21.31,-52.16,3.14,17.76,44.5,-0.21,-31.06,26.41,15.38,7.12,19.82,-12.35,-49.88,15.07,224.13
283,-242.37,18.8,-53.17,3.39,16.58,44.47,3.21,-35.74,22.91,14.8,2.36,23.25,-17.35,-50.87,12.98,230.56
286,-239.52,21.23,-53.88,6.52,14.63,43.53,3.99,-31.33,20.15,16.23,3.18,19.44,-18.36,-49.91,14.14,229.28
289,-245.26,21.62,-48.43,10.38,12.53,41.9,5.74,-33.85,21.26,17.76,6.24,25.95,-22.79,-50.62,19.92,220.33
292,-247.08,18.35,-49.76,5.78,12.24,44.91,4.14,-38.6,19.89,16.24,5.65,29.61,-18.56,-52.6,21.08,236.28
295,-244.5,24.1,-54.66,5.9,16.89,45.41,5.06,-36.26,22.33,21.82,4.73,27.23,-15.02,-52.22,20.64,213.52
298,-249.65,23.85,-56.48,4.79,15.4,46.89,5.19,-34.25,22.73,22.79,5.78,25.84,-16.14,-52.98,12.3,228.71
301,-236.61,22.3,-52.34,2.55,11.34,48.14,10.32,-38.64,20.92,17.75,2.5,27.56,-14.28,-52.51,14.56,225.99
304,-249.55,21.08,-48.71,6.24,13.07,41.93,8.55,-34.31,24.3,20.62,4.34,30.23,-11.7,-48.59,17.64,222.31
307,-248.77,26.12,-55.3,3.95,8.8,48.95,5.26,-34.19,24.63,23.68,5.24,32.41,-13.74,-50.64,20.43,231.6
310,-249.45,21.55,-55.02,7.83,12.45,43.93,1.21,-31.0,24.57,17.38,2.32,26.71,-15.44,-54.79,15.87,230.4
313,-240.22,20.2,-47.67,0.33,13.53,47.37,9.83,-33.5,21.65,12.93,4.82,20.72,-8.7,-55.14,18.91,236.02
316,-245.92,19.3,-54.38,5.71,11.14,48.67,4.73,-27.41,24.27,17.61,3.06,26.65,-17.77,-55.86,14.28,227.51
319,-243.45,18.07,-53.33,5.38,10.85,45.04,3.6,-33.24,23.51,20.88,4.65,29.06,-18.49,-50.78,13.58,219.25
322,-251.37,18.35,-55.4,8.91,8.83,41.41,6.98,-32.84,22.36,17.01,5.67,28.72,-12.66,-50.77,15.54,224.71
325,-246.85,19.72,-50.33,2.25,9.14,44.88,2.85,-34.61,19.34,18.27,6.28,27.32,-18.67,-54.41,13.45,234.66
328,-245.86,19.95,-54.27,4.19,10.12,44.75,-2.67,-39.53,22.33,17.98,8.54,38.09,-18.69,-54.14,15.91,231.28
331,-247.65,16.1,-51.14,7.66,20.55,41.86,4.02,-32.07,25.28,21.98,4.12,25.79,-20.06,-50.74,12.95,228.61
334,-250.59,25.44,-51.05,3.95,12.94,46.03,5.07,-30.45,20.23,15.07,6.87,28.26,-16.25,-53.84,17.42,219.06
337,-239.79,15.83,-53.87,6.83,18.53,49.25,2.8,-33.9,24.42,19.8,3.78,27.64,-10.48,-54.92,19.86,224.22
340,-249.56,19.46,-51.17,3.94,15.78,40.82,2.33,-38.39,25.39,18.64,2.09,22.9,-15.48,-46.83,16.47,214.87
343,-249.18,25.76,-56.25,4.42,19.7,45.97,4.41,-31.76,23.74,18.18,4.47,32.36,-9.48,-48.28,13.58,241.46
346,-240.71,23.31,-51.1,3.29,13.33,41.77,3.08,-34.36,22.35,25.87,5.69,30.04,-15.13,-53.61,15.36,232.14
349,-239.62,17.28,-50.64,4.92,18.57,48.23,2.31,-34.34,21.24,16.55,4.83,25.06,-17.91,-48.35,17.59,223.42
352,-242.7,21.49,-52.3,12.07,8.42,46.08,2.43,-36.42,24.88,15.43,2.9,29.22,-18.6,-48.91,19.5,228.39
355,-247.1,17.42,-55.67,5.12,15.37,46.85,5.72,-32.88,25.24,15.58,6.52,30.16,-19.41,-51.73,16.68,234.86
358,-244.04,12.76,-49.78,0.26,10.12,46.31,0.28,-35.88,24.13,23.06,4.96,32.04,-10.56,-52.74,18.35,231.66
361,-244.62,21.96,-54.66,5.38,9.37,47.56,1.77,-35.74,23.86,20.76,3.58,31.3,-12.08,-51.83,17.67,222.22
364,-242.1,21.9,-52.72,-0.05,12.72,41.96,1.27,-33.95,22.48,17.77,4.69,33.24,-15.73,-50.14,16.55,224.46
367,-243.44,16.26,-56.3,8.52,12.65,43.4,3.18,-31.8,25.18,28.8,7.5,34.26,-16.78,-53.48,18.3,235.44
370,-244.73,20.1,-57.37,2.65,13.44,51.02,6.2,-34.65,27.34,19.01,10.59,24.89,-15.92,-52.88,20.24,229.26
373,-248.44,15.07,-58.17,6.95,13.21,45.83,2.08,-35.73,22.94,20.43,3.94,38.74,-15.92,-49.36,16.89,234.66
376,-246.22,19.19,-56.39,4.22,15.41,52.5,2.38,-33.4,24.76,14.18,3.11,30.96,-17.34,-49.36,13.85,232.5
379,-246.02,21.65,-53.4,8.8,17.38,43.25,5.47,-36.2,19.54,18.65,7.59,34.35,-21.04,-51.51,13.78,222.85
382,-246.79,20.99,-59.94,5.1,15.02,45.07,1.19,-35.0,24.7,21.06,7.23,30.34,-15.01,-53.8,16.43,235.8
385,-251.65,17.05,-60.53,7.01,9.66,40.59,0.69,-34.71,19.23,17.1,7.87,29.3,-18.67,-51.25,16.41,235.01
388,-246.46,21.21,-55.9,1.15,17.68,53.58,0.42,-34.87,22.06,16.85,7.45,38.74,-14.64,-51.98,18.82,235.02
391,-242.26,21.67,-49.37,3.03,18.19,41.24,11.39,-35.76,21.33,25.47,6.26,33.55,-14.63,-52.92,13.84,239.13
394,-243.62,16.7,-54.3,2.47,9.65,45.08,3.66,-35.46,22.4,15.25,4.98,28.54,-17.58,-43.87,19.05,227.82
397,-244.55,21.38,-54.53,7.97,11.06,46.48,1.7,-36.6,20.66,16.47,3.35,26.9,-13.69,-50.39,15.75,230.05
400,-246.26,19.84,-52.41,3.2,13.45,42.8,5.08,-34.63,19.81,15.48,2.94,25.98,-17.16,-49.96,20.35,232.83
403,-245.56,15.05,-54.86,5.74,12.83,49.69,11.59,-37.2,25.7,21.56,9.83,31.23,-17.63,-51.65,14.19,235.16
406,-247.44,20.18,-45.49,6.02,15.28,48.29,1.46,-34.73,28.15,22.08,5.81,26.96,-15.38,-50.81,18.32,226.59
409,-235.24,18.76,-61.18,6.35,15.47,45.5,4.16,-31.11,19.5,15.3,7.21,31.41,-16.04,-49.12,16.1,230.63
412,-249.08,21.64,-57.25,8.2,16.25,50.1,3.95,-33.21,25.58,22.01,6.26,35.14,-11.37,-49.17,12.85,242.98
415,-246.81,14.74,-45.26,6.98,12.78,44.03,1.31,-35.9,23.19,20.09,5.24,36.41,-14.39,-52.62,13.65,226.08
418,-241.92,15.19,-54.9,6.59,9.22,47.05,5.96,-39.2,21.18,23.78,8.27,31.64,-10.38,-54.12,13.26,236.82
421,-240.62,18.15,-52.87,1.8,18.63,52.39,4.16,-35.84,22.56,24.96,4.17,28.26,-17.98,-53.04,12.64,244.8
424,-246.96,25.59,-52.76,6.73,12.73,47.65,2.77,-30.36,22.28,21.3,3.13,29.06,-17.95,-51.41,17.56,230.18
427,-245.51,22.56,-56.45,8.79,14.24,53.68,2.74,-34.35,23.71,19.33,9.6,30.55,-12.83,-46.03,13.92,226.31
430,-241.03,17.01,-56.04,3.87,11.48,45.67,4.72,-32.83,23.58,24.56,6.9,37.93,-15.16,-48.14,11.58,222.29
433,-237.81,23.82,-56.28,6.89,8.88,45.88,4.41,-37.05,19.33,22.5,6.94,37.04,-9.51,-45.91,15.06,227.94
436,-244.44,20.43,-56.64,3.24,13.7,48.43,2.34,-32.11,22.54,20.85,4.67,27.69,-14.09,-48.25,16.91,241.85
439,-238.42,15.09,-53.66,8.08,16.1,49.22,4.21,-38.7,19.27,19.81,5.8,33.34,-16.55,-52.48,16.45,232.31
442,-247.95,17.45,-56.24,5.59,13.45,48.67,0.61,-38.91,20.49,17.49,9.03,38.79,-17.02,-48.66,11.85,225.02
445,-250.26,19.35,-52.32,5.49,14.06,48.87,2.96,-36.15,21.88,19.04,6.18,32.25,-13.59,-52.49,21.15,229.29
448,-242.87,23.77,-55.25,4.5,14.42,48.59,2.68,-34.55,20.39,22.31,5.79,34.84,-15.56,-54.49,16.21,222.59
451,-249.23,14.85,-58.68,3.33,16.85,41.72,2.83,-31.6,26.43,22.93,5.08,23.11,-16.43,-53.1,16.18,240.18
454,-244.87,19.09,-56.49,-0.06,14.1,44.2,-0.83,-32.07,23.74,23.29,5.92,24.09,-20.36,-50.09,22.11,242.01
457,-244.54,25.04,-54.97,3.81,11.62,48.4,-0.08,-33.44,23.47,21.54,7.22,33.96,-13.74,-51.31,12.44,222.42
460,-243.04,21.87,-54.66,4.5,16.61,49.49,7.75,-31.17,24.29,22.39,6.46,32.95,-21.12,-52.02,12.44,241.48
463,-241.18,20.06,-53.91,5.08,10.32,45.51,3.91,-34.96,24.16,22.18,7.04,37.2,-17.2,-52.42,16.85,222.31
466,-250.14,19.61,-56.17,3.52,15.71,47.93,2.73,-35.08,25.38,22.76,9.97,36.11,-16.74,-50.35,15.89,225.71
469,-246.49,19.51,-55.2,6.63,12.69,46.41,-0.43,-35.91,21.68,18.06,6.52,35.63,-13.15,-48.12,15.29,224.38
472,-249.12,27.94,-54.71,5.21,11.64,45.31,6.94,-35.83,24.72,27.73,6.09,36.15,-9.07,-50.06,17.67,238.01
475,-248.39,22.03,-50.73,2.95,9.33,50.14,5.16,-31.28,23.36,28.99,5.67,37.79,-16.09,-49.36,15.46,229.75
478,-245.39,29.54,-56.94,3.9,14.1,50.38,2.5,-38.36,22.73,20.02,8.61,35.63,-11.63,-49.87,13.68,235.61
481,-243.28,20.98,-54.06,2.85,14.77,52.94,1.33,-36.47,29.18,23.2,7.68,36.98,-15.31,-50.76,10.97,232.26
484,-245.06,19.17,-58.64,0.66,17.38,46.71,6.67,-33.95,27.08,19.96,6.16,31.62,-16.93,-55.24,14.3,238.1
487,-247.88,17.28,-56.18,8.88,14.14,50.85,6.5,-38.81,27.6,17.98,6.15,37.96,-14.3,-50.46,13.7,232.14
490,-243.66,17.69,-53.1,5.2,15.42,51.06,3.87,-32.12,23.32,22.04,7.75,36.55,-17.54,-54.08,20.47,242.19
493,-247.38,17.07,-55.84,6.83,13.35,47.97,4.69,-34.66,23.83,18.77,5.0,31.44,-15.44,-48.42,15.11,241.57
496,-244.04,17.32,-53.33,9.85,13.52,55.0,9.31,-34.36,22.93,16.76,6.58,33.97,-14.21,-47.11,18.24,237.02
499,-243.48,16.88,-57.64,11.12,9.04,49.27,5.09,-30.61,21.96,14.43,6.56,32.29,-15.78,-52.21,14.81,234.87
502,-246.99,23.36,-51.44,4.87,11.36,48.52,0.2,-36.46,23.1,16.02,4.62,23.4,-11.49,-51.79,18.52,232.55
505,-242.83,19.38,-50.01,7.02,13.5,44.49,4.05,-33.22,21.56,15.4,2.7,28.93,-13.25,-51.67,11.58,231.67
508,-241.44,17.2,-60.3,9.56,18.99,43.34,4.87,-34.83,19.14,10.95,3.51,23.47,-18.73,-54.41,16.68,242.92
511,-240.94,16.69,-57.34,6.7,16.74,48.21,3.07,-36.96,22.5,16.04,3.42,30.7,-15.44,-55.6,16.07,242.91
514,-246.62,24.18,-54.66,4.59,10.76,42.0,3.32,-35.78,22.13,12.51,2.82,28.63,-10.62,-48.59,16.64,233.03
517,-248.26,19.54,-51.11,6.68,17.51,55.85,4.37,-32.78,25.33,15.56,2.2,27.85,-15.06,-50.08,13.58,235.7
520,-250.09,24.94,-51.72,5.49,9.6,52.65,5.35,-35.34,18.7,23.66,4.69,31.16,-16.27,-54.27,15.92,244.07
523,-249.23,22.32,-50.6,9.19,9.78,46.96,4.72,-28.9,24.96,16.22,3.54,26.67,-14.12,-48.6,16.44,236.03
526,-250.47,20.58,-56.43,8.17,10.56,54.27,2.63,-34.6,22.89,14.17,4.8,25.41,-16.96,-50.33,14.65,225.38
529,-242.82,23.39,-55.39,7.56,10.74,46.09,2.29,-31.77,20.9,15.57,4.35,27.8,-13.88,-48.58,15.87,233.12
532,-242.47,13.76,-54.96,4.71,12.92,48.11,5.78,-32.52,21.29,17.77,3.98,29.59,-15.08,-51.73,9.68,243.9
535,-242.43,21.65,-54.35,7.13,15.48,46.08,4.66,-28.84,22.44,18.35,4.74,29.01,-12.86,-52.92,18.83,234.01
538,-249.5,24.46,-54.32,3.73,12.46,49.78,5.17,-39.11,23.77,18.83,5.95,25.91,-18.51,-49.35,19.02,222.03
541,-250.85,19.06,-51.99,6.12,11.15,50.63,6.31,-36.26,20.31,16.91,2.91,36.68,-17.31,-49.48,17.46,232.26
544,-244.82,25.27,-55.23,7.5,11.02,57.68,2.3,-34.72,24.84,16.5,2.55,28.91,-18.0,-50.86,25.09,236.81
547,-240.28,17.48,-51.3,3.09,15.29,51.49,2.74,-35.16,25.42,15.52,7.62,32.44,-20.92,-51.31,21.07,246.18
550,-246.55,17.38,-54.02,11.6,14.12,48.37,4.92,-33.56,22.82,19.76,4.31,23.81,-15.28,-50.43,14.2,234.5
553,-250.44,20.71,-54.64,7.66,16.49,55.07,8.05,-35.41,20.31,16.05,4.21,29.34,-20.65,-46.75,16.33,234.31
556,-242.69,22.05,-53.8,12.95,16.38,50.64,3.9,-32.25,20.74,14.28,4.59,24.65,-13.17,-50.7,15.77,243.12
559,-243.68,20.75,-53.97,5.66,13.83,49.42,9.86,-32.94,23.96,18.21,7.97,27.42,-15.7,-54.06,16.72,232.4
562,-246.96,19.16,-55.39,7.83,18.51,54.33,9.39,-30.25,22.54,21.47,5.57,26.2,-16.68,-50.7,17.84,234.68
565,-247.97,13.52,-53.43,5.31,14.38,51.73,5.74,-35.19,22.45,14.85,6.13,30.82,-17.42,-52.43,18.75,248.42
568,-250.79,20.67,-56.88,7.83,15.28,49.11,1.87,-31.86,26.37,22.24,4.31,25.33,-19.57,-50.45,18.69,225.35
571,-236.98,21.59,-54.57,4.17,13.36,50.94,4.57,-34.38,21.63,17.03,4.5,25.78,-15.71,-49.48,22.08,233.22
574,-244.38,17.97,-52.66,3.17,17.85,51.37,7.55,-34.59,19.28,19.2,8.17,24.72,-16.59,-53.33,12.84,232.86
577,-247.57,19.28,-52.81,6.87,14.1,46.36,1.11,-32.49,21.3,21.97,3.87,25.71,-17.38,-49.32,17.06,240.62
580,-249.11,19.07,-50.4,8.31,12.98,48.76,3.6,-36.05,23.92,16.94,10.5,34.15,-15.48,-50.8,19.47,226.88
583,-242.73,23.88,-53.34,8.45,10.73,46.27,7.9,-31.87,23.18,18.14,5.72,18.71,-16.45,-51.07,14.41,234.27
586,-242.74,19.63,-52.77,4.3,14.56,51.52,0.73,-33.03,23.4,15.97,5.64,24.74,-11.41,-54.26,14.99,230.37
589,-244.6,18.05,-53.33,13.05,12.55,50.2,0.76,-36.03,22.11,15.44,5.85,28.98,-16.7,-45.63,24.38,248.19
592,-245.88,26.38,-55.68,4.95,10.52,46.59,1.96,-33.31,25.37,19.78,4.5,27.44,-14.85,-50.2,20.18,230.15
595,-251.84,22.81,-54.45,5.29,15.54,50.76,4.05,-28.7,21.43,16.22,6.23,25.15,-18.88,-51.97,16.87,241.86
598,-248.27,16.32,-58.11,9.43,12.95,43.95,1.85,-36.79,25.45,13.51,7.56,26.85,-13.97,-49.73,18.57,240.46
601,-245.48,26.88,-50.11,4.09,12.95,42.37,7.11,-36.4,22.31,15.01,4.93,22.85,-16.12,-50.3,13.17,247.19
604,-254.38,21.49,-52.28,8.85,17.54,48.34,1.8,-34.38,24.8,19.1,4.73,32.68,-17.32,-47.27,23.17,227.5
607,-251.07,14.8,-53.52,10.03,13.14,52.74,11.14,-33.45,24.37,10.1,5.89,31.69,-17.11,-45.27,21.83,235.9
610,-243.28,15.55,-51.66,4.86,9.16,48.27,0.5,-33.86,19.52,17.15,7.94,33.07,-10.7,-52.63,16.57,246.05
613,-244.33,17.52,-50.43,6.54,16.25,48.29,3.4,-33.11,22.62,15.84,5.71,41.81,-10.94,-55.26,23.82,241.78
616,-242.75,21.39,-55.35,10.55,17.37,46.97,3.46,-33.49,22.46,25.61,7.06,33.63,-18.36,-49.47,16.44,241.34
619,-248.52,18.45,-55.27,5.79,18.26,47.32,5.21,-31.59,21.57,22.19,3.76,27.1,-15.85,-48.77,16.15,243.76
622,-243.53,17.61,-51.23,7.84,12.13,47.74,5.4,-37.11,22.2,20.37,5.13,33.07,-17.78,-52.86,16.43,231.61
625,-239.32,19.85,-48.8,5.26,16.88,50.78,3.1,-33.13,23.61,16.02,5.22,33.9,-14.41,-53.83,14.23,236.5
628,-240.18,17.7,-49.7,4.4,14.59,45.24,5.11,-33.41,20.79,21.53,5.8,37.61,-10.09,-51.31,14.44,226.48
631,-249.57,16.56,-56.57,7.78,13.62,48.73,5.39,-34.46,23.19,21.35,5.76,30.03,-13.56,-51.1,16.41,235.84
634,-243.57,18.36,-54.57,7.25,18.65,46.74,0.26,-34.61,21.14,18.3,7.6,38.25,-9.2,-50.95,14.34,235.36
637,-234.56,23.88,-52.86,8.89,16.4,52.42,4.48,-33.91,24.0,15.02,10.02,31.92,-14.22,-49.62,15.82,235.47
640,-251.31,25.14,-57.12,6.45,12.81,48.68,6.94,-33.56,23.13,23.23,5.37,37.98,-16.87,-52.5,14.72,243.11
643,-250.83,17.63,-54.54,6.83,14.37,49.66,3.28,-37.43,25.09,20.95,5.64,33.39,-14.11,-48.04,17.97,235.66
646,-249.15,23.81,-52.19,7.99,11.93,49.29,8.5,-34.38,20.37,16.85,7.28,37.62,-18.28,-51.44,14.41,238.79
649,-240.57,21.6,-46.49,4.11,11.81,49.69,2.92,-34.27,24.11,24.26,7.34,33.38,-12.68,-48.52,20.4,230.44
652,-237.35,20.08,-57.37,3.56,14.61,49.6,9.62,-33.0,25.12,23.09,4.98,29.46,-15.54,-51.69,9.89,228.56
655,-240.45,17.95,-54.71,4.32,11.35,50.14,6.2,-34.53,23.4,28.13,3.49,31.17,-17.91,-49.23,12.41,230.71
658,-241.41,21.74,-45.71,5.28,11.66,46.75,6.52,-31.67,23.13,24.88,5.05,39.3,-17.07,-51.21,17.51,221.12
661,-241.84,19.17,-52.73,7.2,11.19,50.28,6.34,-37.63,21.54,22.07,7.69,34.7,-14.1,-50.11,14.44,232.64
664,-243.25,19.54,-53.08,8.3,11.72,54.94,7.45,-33.54,20.1,19.13,4.86,33.88,-14.18,-54.26,17.45,234.86
667,-238.1,17.14,-52.17,5.78,16.47,50.41,5.85,-35.4,22.82,17.24,9.76,31.03,-14.01,-49.69,15.03,229.73
670,-241.26,16.15,-53.04,7.33,12.75,47.83,2.69,-35.05,17.79,24.07,4.47,30.18,-14.35,-50.47,15.66,241.73
673,-240.55,16.31,-51.71,9.69,11.91,49.02,4.01,-38.14,25.46,16.49,6.91,36.15,-16.58,-54.01,16.88,241.67
676,-247.86,19.59,-51.51,6.22,11.93,46.18,3.98,-34.24,24.99,16.98,8.57,34.99,-14.98,-47.75,18.4,243.06
679,-244.49,22.4,-54.54,7.8,13.04,44.17,7.25,-33.45,22.74,20.39,6.09,32.48,-18.34,-50.98,14.86,232.2
682,-240.69,16.31,-51.98,5.59,13.66,48.74,5.75,-35.13,20.59,18.63,5.58,34.56,-15.7,-51.54,11.93,229.5
685,-240.73,19.84,-54.3,1.68,17.18,51.41,5.51,-32.17,22.7,22.55,5.29,30.32,-15.08,-54.74,16.73,240.01
688,-238.5,17.64,-57.9,2.81,11.57,43.37,2.02,-28.75,24.47,24.31,4.23,28.04,-11.57,-52.88,11.32,230.35
691,-236.4,14.79,-56.97,4.08,15.27,52.61,9.3,-30.32,21.58,25.57,5.23,23.2,-16.94,-46.64,13.89,242.45
694,-244.63,19.43,-55.66,4.1,13.15,49.1,3.42,-28.84,22.56,28.95,4.82,28.65,-17.18,-51.05,12.65,237.47
697,-239.87,24.13,-57.5,7.71,11.06,49.47,9.86,-31.24,25.26,28.91,1.47,23.77,-17.94,-53.34,17.17,229.28
700,-240.95,20.67,-53.27,5.06,16.11,48.03,4.43,-30.22,21.38,20.31,2.2,27.94,-21.35,-51.8,18.11,232.54
703,-235.3,21.94,-54.87,4.99,9.08,53.16,4.56,-35.26,23.03,19.49,1.54,27.23,-12.04,-53.7,12.19,246.96
706,-236.35,18.66,-55.38,3.2,14.81,53.18,4.7,-31.55,24.27,22.22,6.52,40.33,-15.15,-53.8,20.41,235.84
709,-241.63,18.54,-56.07,5.13,13.51,45.13,5.49,-30.94,22.23,25.14,7.07,39.76,-19.22,-46.79,16.0,250.01
712,-242.85,19.79,-53.19,7.72,12.58,46.0,7.22,-33.12,25.17,18.9,7.97,32.21,-12.08,-49.97,18.0,237.73
715,-240.0,17.8,-55.96,1.56,11.87,44.59,4.71,-33.99,22.19,23.39,5.98,32.59,-16.42,-48.71,13.7,244.9
718,-249.11,15.81,-54.56,5.67,13.12,48.7,2.24,-30.73,24.27,18.28,7.86,31.08,-13.29,-53.31,13.41,238.87
721,-244.14,21.31,-50.69,3.27,14.85,46.08,8.98,-28.34,20.22,17.01,6.42,38.28,-16.96,-46.73,14.08,250.07
724,-246.35,20.68,-47.15,6.5,12.41,47.52,4.18,-32.04,25.15,16.03,8.11,32.36,-18.67,-47.82,18.17,237.77
727,-247.54,19.69,-51.15,6.78,17.72,46.46,7.78,-35.26,25.0,18.24,3.07,34.88,-12.07,-50.76,14.33,227.25
730,-246.51,20.96,-51.23,5.44,13.64,52.44,7.13,-33.05,21.03,22.53,5.76,35.1,-13.0,-53.84,17.35,243.7
733,-238.06,16.95,-52.84,8.92,10.15,45.03,3.07,-34.09,20.77,22.82,5.72,33.95,-12.5,-54.01,15.15,226.31
736,-232.56,23.01,-55.83,6.0,13.82,48.46,5.01,-35.79,21.77,18.15,4.86,36.26,-16.67,-53.42,12.29,234.93
739,-241.36,22.03,-53.94,4.75,11.81,46.45,4.87,-34.88,19.9,20.56,6.61,31.11,-18.33,-51.15,21.02,229.5
742,-240.18,19.02,-56.27,2.01,16.48,47.93,6.79,-32.46,23.15,21.16,7.71,33.7,-15.4,-52.63,17.5,233.06
745,-243.14,18.07,-48.43,8.1,16.04,47.76,3.81,-32.18,19.07,25.79,7.49,27.99,-15.5,-51.14,21.21,239.9
748,-241.17,16.78,-51.48,5.83,12.99,45.55,8.22,-33.73,25.83,22.52,5.25,31.01,-12.22,-54.04,16.02,238.53
751,-245.19,23.91,-59.33,4.16,11.71,48.72,1.05,-31.64,22.98,19.66,4.86,31.27,-15.29,-49.17,17.28,228.84
754,-234.49,25.64,-52.57,7.38,20.72,45.94,5.31,-36.07,22.89,30.52,5.95,37.04,-15.82,-53.99,17.99,239.46
757,-229.93,25.25,-52.16,11.38,12.46,46.54,10.63,-33.54,22.73,22.79,5.35,32.02,-15.23,-48.78,16.83,235.15
760,-240.98,22.61,-52.73,3.53,17.56,48.23,5.71,-31.94,24.32,22.64,6.57,31.98,-13.03,-50.83,16.58,236.13
763,-238.03,18.68,-52.56,6.25,8.49,48.88,5.53,-32.41,26.75,26.74,4.23,38.1,-13.19,-53.68,14.67,231.15
766,-245.26,21.29,-54.11,8.02,9.75,58.14,4.65,-32.83,22.33,22.91,4.26,34.52,-17.21,-48.74,15.33,238.32
769,-240.21,20.88,-58.27,1.47,10.03,48.73,3.96,-36.26,23.46,19.42,6.8,39.64,-16.57,-54.05,12.7,241.1
772,-247.53,17.18,-53.64,10.09,14.46,50.32,6.3,-31.72,23.67,12.52,8.63,32.87,-10.12,-54.01,12.86,234.34
775,-247.5,18.83,-58.96,11.06,10.27,46.68,3.78,-33.09,22.8,19.26,7.13,38.62,-16.58,-53.41,14.53,230.31
778,-243.93,25.0,-55.72,9.11,11.53,45.54,7.74,-38.02,18.79,21.22,8.12,36.47,-16.97,-52.7,15.23,245.78
781,-246.68,24.01,-56.88,8.94,13.4,50.15,5.62,-34.26,22.11,23.19,7.12,30.56,-9.33,-51.62,16.65,241.28
784,-246.74,27.03,-53.72,5.5,13.11,47.68,4.27,-32.8,20.06,16.39,5.79,37.64,-13.13,-43.76,14.28,243.63
787,-244.28,19.45,-54.75,8.58,15.56,57.44,5.8,-28.96,20.28,20.09,3.62,24.99,-15.56,-56.98,16.99,241.78
790,-242.83,22.52,-49.8,7.15,12.5,45.79,3.89,-33.51,26.53,16.07,2.16,30.66,-17.31,-48.3,21.95,241.2
793,-247.57,16.95,-53.45,5.98,15.27,50.67,1.0,-33.16,21.72,21.87,2.24,26.18,-13.44,-52.22,20.61,238.58
796,-240.1,24.61,-56.88,5.95,14.99,48.19,2.77,-31.45,21.99,17.63,7.33,30.55,-16.76,-53.48,23.02,236.73
799,-243.38,23.38,-48.2,6.23,12.3,46.76,2.6,-36.06,22.19,17.93,6.41,24.35,-15.74,-54.7,13.53,242.73
802,-248.01,16.65,-58.35,4.95,17.13,48.51,2.56,-35.08,23.26,19.46,2.02,30.72,-19.42,-54.83,21.42,225.08
805,-244.12,26.06,-50.71,2.96,17.77,50.4,10.87,-37.12,22.74,16.52,4.86,26.67,-16.86,-47.54,12.1,234.98
808,-232.25,22.21,-48.14,7.61,19.05,49.33,6.19,-37.86,20.84,21.56,4.92,26.55,-17.93,-53.41,23.13,245.1
811,-236.76,27.12,-49.44,2.01,14.99,52.84,8.52,-30.88,21.57,15.82,4.72,23.44,-14.45,-53.62,16.3,232.54
814,-239.73,23.97,-53.71,4.89,13.48,47.68,3.26,-36.06,23.19,17.6,2.33,25.76,-16.15,-51.28,23.12,230.21
817,-243.13,21.56,-53.39,6.67,13.29,44.32,7.0,-30.51,24.07,15.8,4.27,30.7,-14.06,-48.77,14.74,243.71
820,-240.3,23.77,-54.67,6.98,16.04,52.0,7.61,-33.15,21.07,23.55,3.09,29.21,-13.34,-51.05,18.46,231.58
823,-244.73,23.03,-52.32,6.46,12.07,49.49,3.75,-30.54,21.73,16.94,4.29,31.99,-10.05,-49.42,15.67,238.91
826,-240.66,18.43,-57.41,1.62,13.9,55.91,3.77,-33.75,26.58,12.08,4.89,30.13,-14.87,-52.93,18.1,234.62
829,-243.48,19.05,-52.44,3.69,14.36,43.96,5.11,-32.49,23.22,21.04,6.95,30.78,-13.3,-54.19,22.07,235.5
832,-242.74,23.81,-48.35,8.27,15.26,47.86,3.67,-39.08,23.96,13.22,3.87,28.14,-15.17,-52.86,14.82,244.93
835,-240.26,21.21,-50.7,6.87,20.91,54.87,2.78,-37.94,24.85,20.49,4.11,23.87,-16.88,-47.44,23.33,237.54
838,-242.07,21.55,-54.93,2.83,12.06,46.25,1.58,-33.49,26.54,20.54,1.92,28.02,-16.17,-50.01,15.9,241.13
841,-243.05,20.6,-51.37,7.15,13.36,47.67,8.49,-31.9,24.04,21.78,5.59,30.82,-18.79,-50.5,22.7,243.74
844,-246.23,21.67,-52.2,8.57,14.43,51.68,6.94,-31.67,23.03,19.58,4.71,27.43,-16.86,-50.26,18.08,245.07
847,-250.23,20.92,-52.76,4.47,9.82,50.11,2.92,-34.15,22.47,10.38,4.56,32.01,-16.03,-49.59,15.97,234.65
850,-249.42,20.06,-52.24,10.06,18.31,51.55,8.8,-36.34,23.5,16.03,7.31,28.93,-10.74,-47.8,15.74,238.93
853,-246.25,22.37,-49.0,14.78,13.03,51.71,5.23,-33.73,19.54,18.95,3.92,37.42,-16.93,-55.74,15.68,237.19
856,-242.89,19.6,-50.94,3.52,9.79,57.04,9.48,-31.4,23.16,11.66,5.99,26.5,-12.25,-50.97,18.85,235.7
859,-240.65,19.95,-54.63,5.22,11.0,47.69,6.15,-32.98,24.86,20.08,2.97,30.8,-13.42,-52.08,17.23,236.27
862,-242.25,19.44,-52.94,6.83,14.22,49.28,1.47,-27.49,24.73,17.88,2.99,24.66,-13.4,-49.14,10.51,220.3
865,-243.48,21.53,-52.8,7.42,14.7,51.89,3.65,-37.42,25.08,18.83,10.58,29.3,-16.41,-42.16,12.96,229.96
868,-242.77,22.35,-53.97,2.9,11.29,51.03,5.95,-32.12,22.75,18.68,3.1,31.26,-12.31,-53.2,14.45,246.15
871,-246.08,21.15,-54.11,9.62,14.95,49.2,3.19,-34.36,25.43,27.15,4.7,28.32,-12.31,-51.14,20.03,233.57
874,-247.99,27.08,-55.87,4.16,10.52,49.78,5.13,-37.42,21.26,21.06,7.63,30.61,-13.38,-50.82,17.88,242.77
877,-248.55,20.23,-52.65,5.54,14.11,51.67,2.28,-33.27,18.72,17.19,5.78,29.58,-13.4,-51.77,17.29,241.76
880,-246.11,19.11,-54.96,4.64,12.4,46.84,6.06,-34.8,27.24,17.56,7.06,28.41,-11.08,-50.97,14.03,230.23
883,-247.55,22.72,-47.86,7.18,13.57,54.72,4.47,-30.04,23.87,18.09,6.29,30.85,-13.54,-53.07,14.14,239.66
886,-249.18,17.59,-51.21,3.93,13.39,50.12,4.45,-31.97,20.65,21.79,4.99,28.69,-16.41,-44.15,17.98,230.18
889,-248.15,21.04,-52.63,13.0,9.74,44.52,6.15,-34.98,19.53,17.6,3.4,32.9,-12.33,-53.45,23.01,239.23
892,-246.22,24.01,-53.64,8.06,18.46,49.05,4.34,-29.19,21.42,20.04,3.28,27.47,-10.08,-50.58,16.79,228.56
895,-244.29,19.55,-48.48,6.26,9.78,50.7,1.58,-37.69,20.87,16.57,5.58,26.61,-16.35,-47.11,20.56,236.38
898,-240.79,19.7,-54.95,5.33,11.05,47.86,5.45,-29.77,20.75,18.48,2.0,28.33,-10.52,-50.69,20.89,243.08
901,-240.08,22.22,-55.18,3.26,15.24,43.83,5.84,-32.5,25.4,14.92,5.09,28.11,-15.72,-50.14,16.5,236.22
904,-243.63,20.3,-52.74,2.55,12.79,45.13,7.09,-36.25,24.71,15.2,5.47,31.93,-15.85,-51.0,15.8,226.2
907,-246.26,17.51,-55.78,8.13,16.42,50.88,3.23,-32.13,22.53,13.93,3.66,28.7,-18.3,-48.46,18.83,226.77
910,-241.97,23.59,-50.53,4.79,17.84,53.17,4.92,-33.42,24.03,14.32,6.4,28.98,-16.9,-57.78,19.23,233.38
913,-244.57,19.71,-47.72,5.19,11.41,46.63,2.19,-32.76,22.48,20.34,6.85,23.79,-10.66,-53.91,18.06,237.48
916,-251.25,19.11,-51.68,5.51,13.08,52.76,5.29,-34.58,22.73,17.5,4.36,29.81,-15.34,-52.68,21.14,247.42
919,-237.37,20.93,-52.6,9.11,15.85,45.82,4.77,-31.86,25.34,14.84,6.54,24.54,-19.51,-49.78,9.51,250.8
922,-249.51,20.86,-57.95,9.88,11.2,49.8,6.85,-37.78,21.54,18.49,5.0,27.88,-17.36,-46.8,15.97,244.86
925,-239.68,21.78,-57.3,6.33,13.72,49.95,7.6,-34.78,22.81,17.57,4.62,30.09,-13.52,-49.02,22.75,232.48
928,-235.77,17.27,-57.58,17.48,14.72,47.91,6.11,-34.34,18.47,14.47,-0.34,29.04,-16.4,-51.57,17.23,229.75
931,-243.54,17.75,-57.88,7.81,9.16,51.31,1.23,-34.02,19.46,19.37,3.64,26.58,-16.95,-53.85,18.37,236.92
934,-244.18,21.76,-55.28,3.45,20.87,49.06,1.69,-36.18,21.76,18.78,8.18,24.9,-11.04,-54.31,18.36,244.94
937,-239.46,22.41,-52.37,1.87,12.84,41.72,3.22,-34.72,21.78,16.3,1.04,22.58,-15.46,-51.07,21.97,235.24
940,-244.47,20.12,-52.17,5.04,20.18,50.72,3.81,-34.58,20.8,18.74,3.81,24.47,-16.56,-49.96,18.31,234.28
943,-243.92,17.63,-56.32,4.46,17.04,46.66,1.02,-30.6,23.07,16.16,5.08,32.62,-12.25,-50.4,19.32,221.79
946,-242.82,21.15,-50.67,2.02,19.39,50.34,4.23,-33.21,25.66,21.23,3.47,27.52,-15.07,-53.88,20.03,230.35
949,-248.93,20.85,-57.28,6.3,11.75,48.63,3.68,-32.52,20.97,13.01,4.55,21.86,-16.9,-56.25,15.37,222.24
952,-245.11,25.05,-60.63,7.57,15.0,50.52,4.68,-37.78,24.4,17.71,2.22,26.4,-19.53,-53.83,18.46,227.25
955,-236.62,25.58,-51.35,4.84,12.15,45.05,3.41,-34.28,25.44,19.79,2.96,28.03,-18.58,-51.47,21.77,233.86
958,-242.45,19.45,-54.12,4.84,18.48,47.83,4.0,-32.81,21.05,20.5,2.68,24.74,-13.26,-52.15,14.68,231.64
961,-247.68,20.37,-54.23,9.43,12.44,44.43,3.19,-34.26,21.66,17.74,6.86,30.12,-15.65,-54.02,20.47,228.99
964,-240.33,22.02,-52.84,7.32,19.24,55.38,6.42,-37.68,22.88,23.36,2.78,25.75,-14.86,-54.96,25.56,232.99
967,-247.01,19.14,-49.7,3.68,12.09,46.98,2.8,-34.67,26.99,23.76,3.98,26.6,-15.26,-54.59,17.66,241.8
970,-241.15,21.93,-56.78,2.41,8.66,48.93,4.25,-33.67,26.31,14.85,3.72,28.64,-17.9,-53.57,20.46,240.93
973,-242.05,22.13,-52.99,3.58,12.22,49.99,8.18,-36.46,23.47,17.37,2.3,23.05,-16.69,-54.16,22.02,231.05
976,-244.57,18.47,-47.0,5.52,11.87,47.81,2.85,-36.16,23.81,18.33,4.85,26.98,-9.44,-48.25,17.89,242.81
979,-248.09,20.07,-54.81,3.41,14.51,43.64,6.59,-31.28,25.09,15.44,5.62,28.69,-18.45,-50.35,13.27,240.54
982,-236.72,22.86,-53.2,3.12,14.32,46.83,1.07,-35.7,23.72,17.11,5.62,23.69,-11.64,-51.2,20.68,227.79
985,-246.3,24.36,-54.98,6.43,11.15,48.05,2.48,-35.93,21.76,16.5,1.85,27.76,-18.16,-52.32,19.74,248.49
988,-243.78,15.96,-56.67,4.37,21.44,49.81,2.31,-34.34,23.35,14.66,4.46,31.82,-9.74,-50.71,17.19,235.34
991,-246.49,21.7,-55.18,5.23,13.14,44.76,5.69,-35.6,20.97,18.24,2.6,28.62,-19.06,-52.36,16.39,229.66
994,-237.88,17.1,-51.6,12.19,9.19,52.03,0.23,-35.18,23.91,21.54,6.7,28.8,-18.24,-51.68,15.8,243.51
997,-243.3,18.12,-56.22,6.78,13.58,44.4,4.44,-37.48,20.62,18.15,3.8,18.68,-16.53,-54.13,18.93,232.92
1000,-247.27,18.78,-54.83,6.71,9.82,45.87,6.32,-35.58,21.6,22.61,4.87,24.92,-16.57,-49.52,16.0,249.02
