Frames,R:A:ARG:403,R:A:TYR:449,R:A:ASN:450,R:A:LEU:452,R:A:TYR:453,R:A:LEU:492,R:A:GLN:493,R:A:SER:494,R:A:TYR:495,R:A:GLY:496,R:A:PHE:497,R:A:GLN:498,R:A:ASN:501,R:A:TYR:505,L:B:UNK:527
1,-239.71,21.87,-57.47,0.26,11.86,7.31,-23.42,22.76,19.55,3.76,22.75,-14.96,-52.68,18.93,237.85
4,-241.59,19.47,-51.0,2.74,14.42,6.68,-34.27,21.08,13.99,3.95,34.05,-14.78,-55.06,15.01,227.57
7,-243.46,22.83,-54.22,3.79,11.2,7.17,-37.22,23.46,17.27,3.86,22.83,-13.11,-48.8,16.35,229.07
10,-243.94,14.06,-54.09,2.87,14.91,6.85,-32.44,20.63,15.85,5.97,22.6,-19.89,-51.58,16.76,234.63
13,-242.42,17.86,-55.46,5.77,16.3,6.16,-32.7,24.76,19.19,11.98,21.98,-21.23,-51.28,17.35,229.84
16,-248.44,18.92,-54.56,2.32,14.28,4.33,-31.29,19.66,15.31,6.73,32.49,-17.22,-47.38,10.64,238.06
19,-246.41,18.18,-52.33,5.08,13.08,5.84,-34.08,23.44,14.15,6.26,25.96,-19.48,-49.4,19.94,234.6
22,-247.7,23.66,-50.86,7.47,13.4,4.06,-37.67,21.85,22.7,6.85,25.77,-13.86,-51.55,14.41,236.88
25,-246.18,20.14,-52.54,-1.48,16.84,5.74,-35.22,19.54,11.85,3.52,24.12,-17.53,-48.79,16.51,235.42
28,-234.2,22.9,-54.44,5.01,13.9,6.18,-34.43,24.17,15.05,2.66,25.1,-15.01,-49.45,18.28,228.7
31,-241.61,17.73,-57.08,2.36,12.93,7.01,-34.33,20.43,18.16,4.01,29.42,-18.4,-49.2,17.91,234.1
34,-249.61,16.09,-45.73,7.18,6.81,8.78,-34.29,18.5,15.44,3.46,28.48,-15.87,-51.15,12.62,230.25
37,-241.23,19.63,-52.42,9.28,13.65,3.01,-27.32,22.96,24.8,5.81,29.02,-19.26,-52.57,18.4,219.78
40,-242.72,22.65,-57.19,3.44,12.03,4.81,-35.69,23.05,16.12,6.02,18.93,-15.93,-53.54,18.33,231.36
43,-242.08,22.42,-54.64,6.93,16.05,10.24,-34.89,22.64,18.29,3.39,28.52,-13.03,-56.71,16.33,230.25
46,-247.51,22.66,-57.39,8.38,12.39,1.54,-37.88,23.48,19.49,2.72,31.71,-20.32,-53.26,15.38,229.94
49,-240.88,18.82,-52.39,10.57,8.23,2.1,-35.99,22.07,17.04,9.77,37.87,-9.94,-50.14,20.57,250.19
52,-245.02,18.04,-48.65,5.88,13.86,4.78,-35.31,19.94,25.55,6.31,30.46,-18.89,-48.09,11.44,230.28
55,-245.39,23.16,-55.57,6.51,15.26,4.63,-33.6,22.21,14.86,4.81,31.42,-15.05,-46.57,12.55,235.91
58,-243.27,21.04,-56.68,4.08,14.48,4.11,-31.1,22.43,17.72,4.87,26.33,-9.98,-53.04,13.01,233.2
61,-243.78,18.1,-55.43,5.67,10.36,7.63,-31.93,19.09,18.7,2.22,30.56,-20.09,-49.65,12.63,244.02
64,-235.27,19.85,-55.18,6.21,14.5,7.36,-38.02,21.39,22.83,3.33,23.19,-14.72,-49.99,15.66,238.03
67,-237.7,16.35,-57.5,5.47,13.55,11.34,-33.82,20.76,19.56,5.95,22.52,-16.55,-51.6,12.98,230.72
70,-244.13,18.67,-48.74,3.7,13.7,6.6,-31.82,21.47,20.88,3.9,29.9,-13.16,-54.73,17.09,223.1
73,-241.62,18.82,-55.52,5.64,13.93,2.46,-36.18,21.82,19.02,5.23,26.22,-12.14,-53.97,16.57,236.09
76,-248.4,26.35,-58.61,7.45,10.14,3.78,-32.95,21.94,17.67,6.1,31.69,-15.61,-48.46,14.56,230.52
79,-244.41,20.81,-54.94,4.98,12.56,8.13,-34.02,19.8,18.88,10.58,27.82,-13.2,-52.67,17.76,230.82
82,-247.66,17.72,-53.88,7.74,12.58,6.57,-32.96,23.52,29.14,6.13,25.66,-15.67,-50.63,17.38,227.29
85,-242.44,22.29,-56.43,5.16,15.57,1.27,-31.24,21.16,17.9,6.03,26.05,-7.84,-47.86,14.04,229.96
88,-238.71,23.0,-55.55,6.23,17.21,3.54,-34.06,21.6,15.47,5.56,25.87,-16.25,-44.73,15.81,243.36
91,-236.76,14.96,-58.11,3.85,12.15,2.4,-36.57,19.19,12.11,5.8,21.66,-19.08,-45.22,19.19,229.07
94,-246.62,18.82,-55.98,3.52,17.58,1.0,-34.04,20.95,20.2,4.5,29.29,-15.58,-52.35,13.05,231.02
97,-243.1,15.29,-58.07,5.12,19.76,4.65,-32.2,20.18,19.74,8.69,36.17,-17.99,-50.98,13.96,233.47
100,-245.29,19.94,-58.34,12.21,9.51,6.06,-30.52,25.77,15.87,3.27,30.02,-13.24,-52.36,22.07,225.5
103,-250.64,23.56,-53.31,9.79,12.99,6.24,-30.22,18.2,14.73,4.91,25.05,-17.2,-49.4,15.71,226.17
106,-244.39,20.24,-58.31,3.27,9.38,2.91,-34.78,19.73,12.75,9.04,25.31,-15.92,-44.98,19.17,231.6
109,-243.09,17.44,-56.4,4.7,13.1,1.74,-29.57,21.21,20.86,5.64,27.28,-13.2,-48.99,17.58,234.41
112,-241.61,18.93,-58.03,13.12,13.47,4.39,-33.87,25.56,22.19,2.42,24.7,-17.44,-51.85,16.86,232.56
115,-240.51,19.57,-57.49,15.68,14.82,5.3,-35.04,22.42,12.38,2.19,26.4,-18.68,-54.7,15.47,246.58
118,-233.16,25.65,-58.47,3.69,13.77,3.31,-37.26,19.11,22.72,3.47,29.56,-18.04,-50.29,13.87,237.55
121,-246.95,19.31,-55.57,7.91,10.34,1.86,-34.14,21.5,15.46,3.61,24.23,-18.99,-53.57,14.82,236.42
124,-245.72,19.45,-52.45,6.58,13.72,3.18,-30.59,22.01,20.35,3.57,24.21,-14.77,-52.13,16.25,238.28
127,-243.34,18.74,-57.71,3.04,12.27,5.81,-32.44,22.93,13.36,6.62,26.11,-13.76,-53.29,11.9,235.52
130,-237.62,23.01,-43.5,7.24,15.34,4.42,-32.43,23.2,17.94,5.88,29.26,-16.26,-54.42,18.52,225.57
133,-232.98,17.4,-57.74,5.12,15.09,6.52,-34.69,20.26,15.33,6.64,32.22,-17.19,-48.93,12.01,249.45
136,-241.24,25.77,-56.75,4.07,14.53,12.95,-33.22,21.62,15.5,3.5,23.09,-8.79,-52.19,11.07,237.63
139,-245.49,22.19,-54.35,12.05,14.67,0.59,-37.76,24.79,14.95,6.4,27.93,-15.94,-52.95,17.09,231.33
142,-242.19,19.21,-54.97,3.44,11.11,3.16,-34.73,22.26,19.53,5.27,32.13,-22.23,-46.87,14.77,228.43
145,-241.22,18.99,-52.99,5.74,15.06,5.33,-30.39,21.71,19.47,3.25,24.38,-17.92,-52.33,19.19,237.29
148,-241.3,24.04,-55.78,5.13,15.12,8.55,-27.69,27.69,14.83,7.0,27.91,-17.19,-50.86,16.76,238.57
151,-242.83,24.88,-56.71,3.63,10.64,3.97,-31.21,24.39,18.31,3.23,24.22,-14.76,-53.95,18.98,225.91
154,-235.64,25.49,-55.21,0.84,14.46,6.25,-37.19,21.99,17.3,5.45,27.2,-13.57,-50.59,18.35,236.04
157,-247.03,17.85,-55.81,9.92,10.87,2.96,-31.15,25.27,15.1,5.72,23.31,-14.97,-49.08,27.41,230.97
160,-242.53,16.8,-58.12,5.27,13.67,8.83,-34.38,21.4,22.49,2.84,25.92,-18.4,-51.18,13.01,237.09
163,-240.65,20.91,-53.18,6.71,9.71,3.44,-35.82,22.29,19.11,7.85,24.66,-18.35,-52.43,12.3,231.18
166,-245.69,21.26,-54.4,9.01,11.51,5.6,-32.96,22.31,18.82,4.76,30.12,-16.52,-47.41,12.88,233.03
169,-241.25,19.65,-55.03,7.87,12.2,7.76,-30.98,24.06,13.99,6.82,30.63,-8.07,-50.83,17.16,242.71
172,-249.35,20.06,-56.8,4.55,10.03,6.38,-39.28,22.1,17.26,5.96,33.24,-14.57,-43.42,10.91,235.86
175,-245.19,21.76,-58.3,6.8,13.84,6.68,-36.37,21.6,18.32,5.07,26.94,-16.34,-52.64,18.75,229.86
178,-240.76,23.71,-55.26,4.5,13.43,5.53,-31.08,22.75,12.75,5.55,32.44,-20.26,-50.5,14.38,227.73
181,-248.19,19.93,-53.72,3.47,14.09,5.34,-32.71,22.02,17.01,3.11,28.06,-16.3,-50.01,20.01,236.12
184,-241.37,17.43,-51.77,6.4,14.75,6.48,-31.27,17.59,14.07,4.46,28.44,-15.01,-44.06,13.03,233.86
187,-242.71,22.48,-55.41,4.99,19.51,4.52,-29.42,20.32,16.04,6.01,24.69,-14.82,-53.8,18.6,250.35
190,-245.5,21.47,-56.19,4.33,13.37,1.53,-39.09,20.21,14.24,4.01,28.48,-18.27,-53.75,12.68,239.32
193,-244.24,22.22,-57.22,3.99,16.07,5.44,-32.52,29.72,13.12,8.2,29.61,-13.99,-53.77,19.79,230.68
196,-242.4,24.55,-55.55,3.35,10.27,6.44,-31.9,18.78,20.46,6.78,29.71,-16.52,-53.9,15.11,246.74
199,-241.24,17.5,-54.39,3.62,18.64,3.47,-29.46,18.96,17.8,4.68,29.01,-19.91,-49.67,12.68,226.42
202,-240.4,31.04,-57.6,2.07,12.88,2.75,-37.36,23.07,14.32,6.24,22.36,-17.38,-52.02,18.35,239.52
205,-244.24,20.47,-54.47,7.48,13.6,4.87,-36.31,25.59,14.58,7.18,27.11,-16.21,-52.93,12.36,240.06
208,-240.33,21.97,-57.15,0.43,13.06,7.3,-30.87,22.43,18.95,3.46,26.65,-13.82,-48.56,17.37,219.26
211,-243.68,16.49,-54.08,6.56,13.94,2.95,-32.89,20.38,16.13,5.07,27.76,-17.55,-52.32,21.46,234.64
214,-248.89,17.81,-50.14,3.21,9.64,7.75,-35.07,21.0,14.83,5.53,25.44,-16.39,-53.97,17.01,249.66
217,-237.66,18.84,-57.98,9.79,12.65,4.89,-35.29,20.64,18.13,4.41,32.0,-19.91,-52.42,21.33,227.89
220,-242.36,17.79,-57.84,4.93,15.18,6.68,-37.76,19.51,17.15,5.86,23.18,-15.95,-48.85,15.25,235.29
223,-242.34,17.01,-52.94,8.02,8.93,1.82,-38.28,22.29,18.27,3.32,31.75,-13.41,-51.63,18.47,234.55
226,-245.39,23.35,-51.9,1.67,18.63,1.87,-29.84,20.97,12.17,3.17,25.61,-18.45,-48.8,18.39,233.9
229,-244.54,25.85,-60.22,6.69,16.93,7.91,-34.26,20.2,14.15,10.83,29.65,-16.87,-48.97,19.52,254.4
232,-243.37,17.52,-47.89,1.78,15.04,4.52,-36.58,23.1,10.0,6.09,30.23,-11.64,-48.46,8.58,238.34
235,-241.4,23.38,-59.05,5.17,15.09,8.31,-35.16,25.37,18.51,3.86,28.4,-20.57,-49.95,20.43,231.02
238,-245.62,19.55,-51.83,8.76,11.86,9.04,-31.81,21.18,16.68,4.93,29.14,-15.46,-53.92,16.52,222.62
241,-238.51,18.97,-55.69,6.84,16.42,2.93,-31.33,19.8,17.24,4.33,32.66,-16.86,-49.51,15.96,234.61
244,-240.9,20.95,-54.36,5.11,12.49,2.0,-34.35,20.18,23.05,5.85,28.73,-21.03,-54.06,22.78,247.28
247,-245.9,18.26,-55.17,6.7,18.2,3.57,-32.72,19.78,17.76,3.71,24.3,-13.23,-49.14,18.73,237.17
250,-243.78,23.45,-51.63,8.68,14.59,4.93,-28.34,24.34,17.33,5.24,27.74,-20.2,-53.68,18.55,236.71
253,-240.13,15.76,-55.16,8.29,14.97,5.08,-37.74,22.69,16.92,6.23,32.54,-18.88,-54.52,14.92,240.18
256,-241.45,19.74,-53.68,5.96,11.14,5.74,-37.12,19.98,11.97,5.37,29.34,-15.38,-53.06,16.93,238.55
259,-247.1,21.85,-57.31,8.23,15.43,5.76,-28.68,23.23,13.02,10.73,26.0,-13.49,-50.96,14.63,230.29
262,-241.35,25.07,-57.13,12.54,17.22,5.79,-30.52,21.33,15.56,4.51,28.14,-13.23,-52.15,15.6,237.11
265,-238.88,20.75,-57.54,7.05,14.69,7.66,-33.42,28.43,13.31,7.42,23.45,-12.6,-48.45,20.19,234.61
268,-245.82,26.65,-57.25,6.77,10.61,2.75,-37.76,23.37,13.76,3.77,27.93,-17.9,-48.53,16.3,230.63
271,-246.48,23.1,-52.42,10.69,17.89,2.8,-34.48,21.37,24.33,8.22,25.14,-12.84,-44.83,20.52,234.64
274,-249.67,16.48,-50.6,1.22,9.75,4.95,-35.85,18.69,21.91,5.13,22.59,-14.99,-50.06,19.16,240.81
277,-244.88,16.8,-56.51,4.92,11.54,5.28,-33.23,24.8,12.37,5.96,25.07,-16.37,-47.68,11.8,240.2
280,-243.96,21.54,-50.36,8.92,17.13,6.08,-35.47,21.02,14.92,7.84,32.08,-16.83,-51.61,17.85,236.76
283,-245.93,18.9,-55.05,4.57,14.82,8.12,-35.23,21.54,16.41,4.14,29.64,-12.71,-52.81,19.6,239.75
286,-246.96,19.23,-58.63,12.03,16.4,3.08,-26.38,23.36,20.08,7.84,26.1,-19.92,-52.0,13.49,231.05
289,-247.65,18.8,-57.98,5.89,12.45,-0.53,-30.88,21.47,16.56,5.21,26.41,-14.6,-52.42,15.28,235.75
292,-245.91,22.38,-54.48,8.68,15.45,2.75,-36.03,23.99,16.97,8.11,27.58,-16.57,-48.32,17.18,233.98
295,-239.9,25.06,-57.37,8.62,18.44,1.96,-37.4,22.85,17.13,5.71,25.58,-16.11,-51.67,18.96,229.21
298,-247.2,17.11,-54.97,3.74,12.21,6.59,-33.44,20.29,21.97,4.16,32.66,-15.4,-54.08,15.08,240.23
301,-241.47,20.77,-54.87,1.48,12.22,1.05,-37.73,24.13,16.9,4.6,26.49,-15.82,-54.52,18.02,232.46
304,-244.49,26.41,-55.73,8.87,15.22,5.37,-33.82,17.8,16.81,2.1,26.15,-17.09,-50.86,14.88,251.21
307,-244.57,19.36,-53.33,5.56,10.81,4.11,-29.61,20.3,21.92,6.01,28.83,-17.75,-52.44,18.83,236.61
310,-240.52,15.07,-54.35,3.78,11.97,6.7,-36.62,21.04,18.58,5.84,25.2,-17.86,-50.68,13.01,223.72
313,-241.82,19.1,-58.89,4.73,19.21,5.0,-33.91,20.23,13.53,3.76,36.56,-16.87,-55.84,12.99,232.34
316,-243.79,20.42,-58.5,3.35,16.23,5.97,-35.59,20.5,16.33,6.18,23.98,-18.33,-49.86,14.35,233.17
319,-247.13,17.96,-54.04,4.18,13.86,2.3,-33.56,21.6,17.67,4.22,23.23,-17.88,-48.96,12.88,242.64
322,-246.2,15.16,-58.01,7.48,21.15,9.1,-31.42,22.26,28.35,4.75,30.53,-17.59,-46.42,17.39,219.54
325,-248.56,13.95,-59.05,2.97,20.35,7.26,-28.82,25.83,13.43,4.7,28.48,-16.29,-51.7,21.66,229.49
328,-239.85,19.68,-55.53,4.67,11.86,7.27,-34.88,22.78,14.55,6.8,27.14,-15.64,-51.06,14.53,232.11
331,-244.93,17.23,-52.99,5.97,11.37,4.88,-32.8,20.73,12.97,6.78,33.4,-14.85,-49.74,16.52,228.11
334,-241.73,13.99,-55.64,7.23,11.08,4.4,-30.95,22.66,13.59,2.76,26.91,-18.78,-51.56,15.56,237.31
337,-241.92,16.82,-55.43,6.53,11.39,1.73,-34.8,25.57,14.13,3.59,23.09,-15.94,-53.42,13.04,234.75
340,-246.79,22.32,-56.76,4.08,15.4,5.09,-38.07,26.13,18.15,7.68,25.05,-19.52,-52.5,16.69,232.86
343,-250.7,13.22,-57.09,8.31,13.32,4.03,-33.84,18.66,13.54,4.89,31.66,-17.43,-54.48,13.16,230.98
346,-246.33,20.21,-51.54,4.14,13.99,5.87,-35.89,23.92,15.88,5.25,29.3,-17.71,-52.82,18.89,233.85
349,-245.74,18.9,-55.74,6.31,12.95,3.42,-33.23,25.04,16.28,4.6,23.92,-18.68,-51.48,14.3,226.43
352,-244.01,19.79,-55.97,7.34,14.84,5.18,-33.2,23.89,13.14,2.07,23.69,-16.49,-49.69,15.23,235.2
355,-244.95,21.17,-57.29,2.43,14.79,9.74,-30.08,21.52,14.08,6.07,27.34,-17.51,-45.61,19.38,232.47
358,-242.3,19.06,-52.72,8.98,18.05,6.37,-34.38,26.77,30.09,5.02,37.44,-15.73,-48.77,11.95,248.54
361,-249.68,27.1,-57.32,12.33,14.27,3.79,-35.11,22.49,16.47,4.4,28.77,-23.48,-53.45,17.23,241.84
364,-245.94,18.55,-53.74,12.07,16.43,4.92,-29.66,22.58,21.91,5.33,36.05,-18.73,-49.0,11.37,246.62
367,-249.88,14.41,-50.91,4.85,19.57,6.06,-31.63,22.5,14.06,7.65,26.09,-19.64,-52.14,17.05,227.11
370,-252.3,18.19,-57.41,7.27,20.26,5.17,-35.48,20.77,12.94,5.67,25.26,-19.73,-49.47,17.53,241.07
373,-247.34,19.83,-51.9,7.46,17.76,7.57,-33.84,22.6,13.66,4.66,27.94,-18.0,-50.44,23.03,239.49
376,-239.54,16.17,-57.19,6.18,21.92,4.91,-33.59,23.03,11.73,5.93,26.61,-17.14,-50.57,14.96,238.94
379,-247.57,16.4,-56.45,8.64,17.13,3.06,-36.01,23.61,15.4,5.84,27.83,-20.43,-49.52,19.0,243.24
382,-241.98,23.44,-55.04,9.92,14.1,7.3,-35.42,23.63,20.05,6.7,33.01,-18.08,-51.36,16.36,225.32
385,-246.0,19.63,-55.43,5.4,12.27,5.93,-37.89,21.5,11.61,5.73,32.34,-10.42,-48.47,14.1,237.94
388,-246.2,29.42,-56.84,9.33,13.43,3.03,-36.89,24.19,17.77,3.38,20.6,-17.74,-52.09,13.49,228.12
391,-248.24,22.6,-53.86,6.51,16.57,6.06,-36.54,21.5,18.85,3.56,28.23,-20.31,-53.09,16.11,239.1
394,-247.6,24.7,-54.86,8.87,18.45,6.4,-20.6,24.22,21.4,5.28,30.06,-16.98,-48.45,16.68,241.6
397,-244.96,17.98,-59.49,3.38,17.43,0.29,-36.4,19.78,19.28,5.34,29.88,-21.48,-52.43,16.42,232.16
400,-244.31,23.09,-57.1,1.91,15.04,7.68,-32.87,21.92,16.08,4.87,33.36,-14.07,-52.45,15.45,232.18
403,-239.11,22.86,-54.57,3.23,12.65,6.69,-33.16,22.12,16.59,4.2,26.03,-17.85,-48.6,23.24,238.87
406,-242.68,19.5,-57.04,11.25,14.43,2.76,-32.63,19.82,18.08,4.62,19.78,-19.31,-50.21,16.95,235.28
409,-242.7,19.64,-54.63,3.83,16.38,1.78,-29.4,22.17,15.8,5.74,28.7,-16.85,-51.44,14.77,239.26
412,-246.37,21.55,-59.0,2.45,16.18,7.59,-35.42,20.62,20.28,4.39,28.21,-18.07,-54.62,14.0,241.45
415,-249.45,14.63,-54.6,8.98,10.06,9.56,-32.03,22.57,18.26,4.33,27.06,-15.93,-52.75,15.95,245.71
418,-246.93,19.9,-58.64,3.12,10.13,9.03,-39.24,24.05,18.68,4.17,28.96,-18.33,-50.1,20.33,240.31
421,-237.64,19.52,-52.97,7.4,15.92,3.37,-36.66,23.38,24.35,5.54,23.18,-16.08,-51.83,15.85,232.82
424,-236.78,17.99,-53.45,4.88,13.35,6.8,-30.87,22.66,27.42,8.5,29.23,-17.6,-42.6,17.29,237.14
427,-242.46,16.98,-54.56,7.86,12.04,4.08,-36.35,21.0,24.02,8.71,25.17,-14.55,-54.62,18.8,233.11
430,-249.71,21.37,-54.38,9.59,8.98,3.57,-31.41,19.85,16.25,6.95,27.5,-15.53,-51.6,23.63,239.37
433,-245.02,24.71,-50.4,6.16,20.3,3.66,-36.63,23.97,16.46,9.59,26.18,-17.25,-52.0,19.29,237.75
436,-255.66,21.56,-55.8,4.66,14.72,2.74,-36.12,22.3,12.06,6.02,32.02,-14.81,-54.06,12.87,237.81
439,-250.04,19.55,-51.73,5.22,12.71,10.03,-39.18,21.74,17.93,5.52,30.9,-15.58,-51.16,17.43,229.13
442,-251.26,20.45,-57.23,5.68,15.67,3.31,-33.34,20.93,22.25,3.09,28.64,-17.38,-51.2,18.54,237.65
445,-245.29,22.9,-52.26,8.52,11.62,6.33,-33.24,20.41,26.41,3.59,26.59,-10.96,-46.97,15.19,239.55
448,-248.67,21.36,-55.28,3.34,20.17,5.48,-34.88,23.43,18.98,8.08,24.83,-16.1,-53.02,18.62,233.18
451,-247.36,19.81,-55.92,13.74,21.65,2.54,-32.8,24.49,20.02,7.51,24.41,-16.13,-53.17,19.15,226.53
454,-244.43,17.52,-54.79,6.18,13.9,9.79,-36.2,23.72,15.29,7.21,25.31,-15.3,-46.49,17.52,237.32
457,-245.51,17.85,-57.31,4.66,13.31,5.2,-30.86,24.08,7.88,5.07,28.52,-14.19,-50.01,13.71,234.75
460,-250.45,23.52,-54.76,7.74,21.84,6.67,-31.5,20.7,9.49,8.65,28.99,-17.52,-50.46,16.37,237.44
463,-241.06,18.4,-55.89,7.62,12.14,6.11,-30.83,24.25,18.78,6.93,29.76,-17.4,-48.54,16.2,235.73
466,-250.79,16.87,-56.15,2.44,17.27,2.71,-35.58,24.02,20.04,5.81,27.72,-19.87,-49.02,23.78,236.63
469,-248.74,19.2,-58.24,0.86,14.43,5.4,-36.87,22.89,14.77,5.84,34.17,-16.26,-51.47,15.68,223.07
472,-244.23,17.44,-59.34,5.89,18.63,4.7,-33.69,30.72,22.94,4.57,29.74,-18.89,-50.01,19.17,239.08
475,-242.64,20.11,-56.13,7.04,13.65,5.32,-35.35,22.54,16.58,6.38,26.23,-18.84,-51.77,24.61,235.0
478,-242.06,15.46,-54.42,6.41,14.22,3.6,-33.35,23.03,18.12,3.43,30.92,-22.25,-52.22,14.8,231.49
481,-243.47,15.49,-58.27,6.22,23.09,6.99,-35.58,21.76,20.07,5.45,29.11,-18.71,-52.98,16.64,235.62
484,-251.01,26.26,-57.43,2.48,11.94,0.69,-35.9,24.24,21.1,3.63,29.01,-15.43,-51.15,17.94,230.32
487,-244.9,15.25,-50.32,4.83,16.19,4.08,-33.08,28.35,23.29,5.47,28.79,-19.63,-48.57,15.5,235.91
490,-238.19,21.03,-55.29,9.3,16.04,2.89,-33.59,24.98,20.06,6.2,22.4,-17.09,-50.09,13.53,231.08
493,-236.05,17.85,-54.6,4.66,18.41,4.93,-38.26,26.09,14.33,7.74,27.09,-12.65,-51.76,17.26,230.24
496,-243.82,19.68,-55.67,2.77,10.63,4.5,-33.22,21.46,20.92,7.84,26.91,-20.63,-52.08,18.23,232.76
499,-248.09,20.22,-55.49,9.63,15.47,7.48,-34.25,21.71,15.77,9.69,31.32,-18.08,-53.08,16.4,235.48
502,-252.48,16.42,-54.2,7.45,17.9,3.65,-28.85,25.37,18.97,5.33,26.2,-23.54,-48.68,19.17,240.98
505,-243.28,19.74,-52.15,8.37,17.61,1.99,-32.72,23.67,15.38,8.85,28.14,-15.87,-49.28,19.02,242.06
508,-243.97,22.41,-54.33,7.65,12.48,6.57,-31.58,29.29,17.07,7.2,26.47,-17.3,-44.37,17.69,243.82
511,-251.7,24.33,-50.3,8.68,13.18,2.78,-37.76,23.2,15.09,5.1,33.44,-20.17,-54.61,11.97,230.94
514,-239.52,21.85,-54.3,8.24,12.53,10.85,-35.44,24.89,18.81,6.07,23.64,-19.43,-46.87,11.87,244.25
517,-244.43,20.48,-54.28,5.65,14.43,7.56,-34.34,21.43,22.73,4.84,28.85,-21.75,-55.2,16.16,235.57
520,-249.62,23.66,-55.06,6.04,12.96,4.15,-29.16,23.79,16.35,7.52,28.17,-15.54,-48.85,17.36,244.55
523,-239.74,18.17,-58.13,10.06,13.63,8.35,-31.95,22.25,15.81,5.15,28.8,-12.99,-50.2,16.78,229.44
526,-246.2,18.42,-54.1,3.18,12.12,3.92,-29.54,23.39,15.88,5.77,22.33,-15.15,-54.03,21.0,221.91
529,-242.99,18.36,-57.07,11.8,18.23,3.14,-35.54,21.51,13.2,1.67,28.24,-16.36,-50.6,16.31,231.02
532,-245.47,15.21,-55.32,11.88,15.93,4.83,-37.48,22.09,17.07,4.09,26.89,-20.07,-52.98,16.67,227.35
535,-241.64,17.51,-53.99,11.04,13.32,3.54,-29.51,24.65,17.63,3.34,28.62,-20.72,-52.14,17.21,222.7
538,-244.51,23.15,-54.18,9.51,15.68,3.95,-35.65,22.16,10.63,4.73,34.12,-16.13,-50.29,20.29,239.37
541,-243.4,19.16,-55.76,5.46,11.66,1.46,-32.71,22.07,11.69,4.72,28.29,-12.13,-49.06,20.43,233.3
544,-241.89,20.18,-54.39,4.18,9.77,8.18,-30.86,19.91,18.4,4.49,25.58,-17.02,-49.39,18.83,226.13
547,-238.03,14.51,-57.98,8.36,18.07,2.69,-33.46,25.34,13.11,6.24,22.58,-19.03,-51.12,15.51,224.72
550,-250.75,22.86,-52.12,8.59,11.69,7.9,-31.76,23.01,19.5,3.99,26.72,-18.52,-53.3,12.69,229.54
553,-247.54,16.9,-54.5,5.23,16.43,4.26,-33.63,18.87,12.75,2.76,27.42,-16.33,-51.81,17.2,225.44
556,-251.75,18.06,-56.91,10.13,13.71,6.98,-36.24,25.02,15.23,2.6,32.43,-17.85,-49.01,13.81,246.13
559,-239.42,23.79,-54.62,5.62,12.46,1.71,-38.56,27.34,23.76,3.76,26.41,-14.59,-46.11,15.45,226.92
562,-241.15,17.04,-55.37,8.88,16.86,6.67,-33.61,22.03,24.63,6.27,22.74,-17.74,-55.68,21.89,236.39
565,-237.97,15.04,-51.73,7.34,13.11,5.47,-35.77,25.1,23.81,6.27,26.37,-19.75,-47.37,11.95,246.08
568,-237.34,25.09,-55.22,7.89,19.12,8.82,-36.14,22.7,24.27,6.46,27.27,-22.72,-53.06,21.59,226.86
571,-244.0,19.69,-54.71,10.26,12.08,7.79,-36.1,21.96,21.84,3.05,29.78,-17.71,-52.97,17.5,235.75
574,-245.14,21.61,-56.27,9.6,16.1,6.11,-38.65,20.65,18.68,4.32,28.04,-13.0,-50.61,13.09,226.28
577,-240.25,14.05,-53.28,3.44,15.94,3.69,-35.18,21.4,26.98,3.61,23.51,-21.31,-51.62,14.75,223.56
580,-242.95,21.9,-55.16,6.61,14.58,6.04,-32.61,22.49,21.59,3.93,22.58,-14.32,-49.28,12.09,231.96
583,-237.56,17.37,-54.91,4.53,8.09,6.96,-35.62,20.86,20.41,2.31,25.52,-14.48,-51.69,18.58,224.66
586,-242.72,26.0,-56.44,13.34,18.93,3.73,-32.85,19.68,24.39,3.26,30.41,-14.19,-52.92,14.13,226.72
589,-244.22,17.74,-50.17,7.13,11.26,4.64,-35.02,22.02,19.9,6.04,28.1,-21.06,-49.1,19.45,233.81
592,-240.27,20.53,-56.7,9.98,17.91,1.28,-33.32,24.85,23.98,5.33,25.72,-16.44,-47.13,10.72,244.25
595,-241.94,14.19,-52.2,5.31,18.07,0.84,-29.83,26.6,19.69,4.95,24.97,-14.91,-49.1,16.4,235.3
598,-233.82,17.13,-56.04,2.38,13.36,10.76,-34.43,21.12,19.71,3.54,27.46,-19.81,-52.78,18.18,243.15
601,-248.11,20.52,-53.19,4.12,12.81,1.14,-36.72,24.31,20.16,4.81,22.94,-21.6,-48.31,17.06,229.04
604,-243.16,15.47,-55.57,6.31,11.94,5.22,-37.15,28.0,14.3,8.25,27.35,-19.13,-52.03,20.75,230.2
607,-240.96,20.31,-45.45,8.25,20.85,4.84,-30.09,23.58,21.87,6.1,26.79,-15.16,-52.1,14.62,225.52
610,-240.99,16.54,-54.95,6.48,12.57,3.56,-31.06,22.84,18.79,5.86,25.35,-17.21,-50.17,17.78,234.67
613,-245.79,17.09,-55.35,7.13,15.97,7.6,-35.14,18.13,11.22,3.27,31.23,-20.64,-53.34,14.31,226.6
616,-234.73,17.29,-53.8,6.62,12.16,10.67,-32.69,25.67,18.64,3.23,26.54,-13.47,-52.49,18.87,239.6
619,-248.1,18.35,-54.85,5.7,11.35,5.16,-34.82,25.69,14.76,5.63,32.21,-12.96,-52.98,18.61,233.93
622,-233.97,20.66,-55.09,5.13,8.63,6.65,-33.44,22.45,13.93,3.32,25.81,-16.48,-50.84,13.93,235.63
625,-243.7,19.02,-57.07,8.44,8.32,9.76,-33.65,23.07,14.93,4.78,29.1,-18.77,-50.96,14.99,228.8
628,-244.31,14.82,-51.04,6.02,16.45,4.66,-35.99,24.37,13.38,8.6,26.19,-16.08,-50.26,19.59,226.0
631,-244.34,20.85,-57.67,6.04,15.37,4.47,-33.06,23.03,12.66,5.39,25.97,-13.1,-51.89,14.2,239.91
634,-245.86,21.38,-56.6,12.0,17.22,12.96,-33.45,22.89,15.23,6.42,25.22,-19.18,-50.43,17.91,242.75
637,-248.7,19.52,-55.59,7.82,13.61,5.21,-36.99,22.98,10.71,6.66,32.63,-18.37,-49.96,15.93,230.3
640,-243.13,21.71,-57.47,3.91,14.15,10.98,-30.55,26.85,19.74,5.44,25.42,-19.79,-53.99,20.02,231.86
643,-252.83,14.38,-57.46,4.01,12.47,0.11,-35.19,23.6,15.53,5.48,22.24,-13.19,-47.34,13.77,212.74
646,-244.1,22.66,-56.66,9.22,17.54,2.71,-35.38,23.56,25.01,5.98,30.87,-15.42,-55.6,13.73,233.09
649,-244.75,23.06,-54.75,12.52,10.95,5.71,-33.4,19.45,15.74,4.54,23.69,-20.32,-49.36,20.21,235.18
652,-245.46,18.09,-55.73,7.33,16.53,3.51,-38.87,23.88,20.48,7.07,27.5,-11.65,-52.08,14.34,233.86
655,-243.45,24.05,-52.33,8.16,13.55,1.85,-36.76,23.57,11.89,5.84,33.49,-17.19,-50.77,15.51,232.77
658,-244.61,19.3,-57.3,10.51,15.89,4.73,-38.49,23.46,14.31,4.67,27.81,-17.99,-50.63,13.6,236.32
661,-245.92,20.52,-54.43,6.28,16.23,4.0,-34.61,20.61,16.52,4.21,28.97,-20.83,-51.96,22.41,222.25
664,-249.05,22.07,-56.73,8.75,13.12,6.73,-32.8,23.96,16.63,6.13,29.94,-20.1,-46.99,24.65,224.68
667,-247.44,17.38,-53.11,5.86,15.63,8.08,-28.61,23.38,19.06,6.2,25.38,-15.99,-49.7,20.95,227.12
670,-249.43,15.15,-56.1,3.27,15.73,4.03,-27.39,25.66,17.63,2.79,27.63,-16.68,-51.17,14.48,227.16
673,-236.54,21.42,-59.35,9.0,10.18,3.59,-37.25,20.28,19.67,4.95,25.81,-15.69,-52.48,13.98,227.84
676,-242.43,22.18,-55.6,4.43,17.93,8.03,-31.99,22.59,17.45,5.37,29.93,-16.19,-54.4,12.55,236.55
679,-245.91,19.06,-52.61,18.39,11.76,6.93,-32.13,23.34,16.59,6.46,25.67,-15.57,-50.77,15.87,221.08
682,-238.87,17.2,-59.79,7.36,11.19,2.91,-34.01,19.63,21.03,7.19,30.65,-18.6,-54.55,22.81,218.0
685,-246.71,24.98,-56.33,5.42,13.8,4.69,-36.89,19.36,23.91,9.04,29.46,-18.47,-51.0,13.02,221.29
688,-248.09,17.71,-52.2,7.69,14.88,1.56,-36.53,22.62,17.52,3.81,29.92,-16.14,-54.07,17.83,233.37
691,-248.17,16.62,-56.58,10.75,12.7,6.88,-32.64,19.0,10.26,5.07,29.22,-20.08,-52.6,12.92,232.24
694,-245.23,14.19,-57.3,3.63,13.66,0.39,-32.3,22.16,10.33,4.32,24.16,-17.23,-50.51,12.16,235.5
697,-242.95,29.52,-52.78,4.56,8.65,6.52,-34.24,21.46,18.85,6.91,27.01,-11.43,-50.72,13.1,232.25
700,-243.87,26.45,-55.47,-0.06,12.95,6.91,-33.89,19.03,10.88,4.6,26.83,-18.23,-45.78,15.17,234.69
703,-240.04,20.46,-53.97,5.54,14.06,6.73,-35.37,19.33,13.89,6.49,32.22,-10.52,-48.47,17.57,230.43
706,-242.92,19.37,-57.21,5.45,12.71,0.73,-35.52,25.91,23.89,6.57,26.22,-17.22,-50.98,15.11,221.59
709,-241.67,18.97,-51.6,2.45,7.54,4.93,-33.17,21.19,18.59,4.33,24.37,-20.25,-46.3,12.13,230.3
712,-242.14,14.0,-54.83,5.96,14.27,9.5,-28.53,23.83,15.05,6.48,26.35,-19.05,-49.67,20.04,235.47
715,-246.22,28.25,-56.62,2.45,13.6,1.09,-36.64,17.43,17.11,8.73,27.09,-11.22,-53.62,15.47,222.81
718,-247.82,26.24,-57.74,6.87,12.76,6.45,-35.43,22.18,14.61,4.8,25.52,-16.53,-51.78,15.47,239.11
721,-243.23,23.1,-55.84,5.06,13.27,6.6,-31.87,21.19,16.55,3.33,19.9,-19.38,-53.95,12.72,241.36
724,-243.05,17.67,-55.72,4.84,19.28,3.62,-37.62,18.93,12.54,9.56,29.53,-17.0,-51.42,15.11,226.88
727,-250.25,17.8,-53.33,1.32,16.38,4.6,-29.55,24.81,13.56,5.5,23.87,-12.13,-50.28,17.84,234.85
730,-243.23,20.88,-58.68,3.11,16.67,4.06,-36.12,23.31,17.53,4.46,23.78,-18.15,-50.61,15.87,239.92
733,-243.53,24.05,-54.73,2.3,13.61,6.34,-32.95,22.27,23.3,4.46,27.13,-18.06,-45.29,16.59,236.92
736,-245.63,17.89,-51.69,3.29,9.97,5.48,-34.19,21.0,11.66,5.32,26.02,-16.1,-52.24,19.4,217.31
739,-249.77,20.31,-53.87,4.39,14.25,5.51,-35.23,22.62,15.13,7.88,29.39,-17.5,-50.03,18.62,228.07
742,-249.71,19.61,-52.77,3.64,11.57,5.98,-30.4,20.44,20.51,4.54,30.77,-16.13,-47.53,17.02,232.82
745,-243.29,21.4,-53.88,1.98,16.5,4.96,-33.86,21.68,17.66,4.96,22.3,-12.06,-50.86,14.69,240.93
748,-248.54,19.07,-53.93,8.2,20.08,6.6,-36.81,19.77,21.1,5.79,25.68,-16.69,-54.38,16.42,235.37
751,-247.91,19.74,-54.96,6.01,10.57,7.67,-33.25,18.97,14.37,4.66,23.88,-12.8,-49.22,17.48,237.92
754,-251.96,24.36,-53.6,3.15,12.03,1.59,-31.28,20.74,9.72,5.85,25.0,-12.01,-51.09,17.58,244.38
757,-244.79,25.31,-51.0,3.6,16.24,4.13,-37.75,24.72,15.16,5.58,24.06,-10.17,-50.91,16.14,235.03
760,-247.05,25.16,-51.53,1.64,12.22,4.73,-35.47,22.56,11.47,2.93,25.91,-15.06,-47.33,16.77,234.16
763,-241.05,17.42,-52.88,12.74,21.67,1.74,-27.21,26.54,17.41,4.04,22.07,-16.84,-50.52,13.99,239.16
766,-245.25,17.76,-55.5,7.6,13.9,5.66,-36.43,26.62,16.54,8.26,19.71,-17.84,-53.22,19.46,228.26
769,-243.85,17.24,-52.72,4.43,14.52,2.03,-29.45,23.75,14.32,6.26,29.25,-12.73,-51.39,10.19,235.16
772,-243.39,19.04,-52.15,0.34,14.74,2.19,-38.22,23.29,9.46,6.56,21.51,-18.61,-51.76,15.13,233.1
775,-237.01,19.64,-51.55,1.26,12.68,1.7,-36.91,20.52,15.59,8.03,33.86,-17.04,-49.86,12.18,247.94
778,-246.79,31.04,-55.76,7.29,12.27,4.07,-36.89,25.43,13.65,6.99,24.93,-20.07,-49.18,21.05,236.77
781,-249.21,23.36,-52.78,1.88,9.11,3.92,-35.56,20.94,15.2,6.47,22.41,-19.59,-49.48,19.06,223.45
784,-246.34,17.88,-54.8,6.61,8.54,-0.17,-39.83,24.74,18.64,6.21,18.68,-17.28,-53.57,14.96,236.82
787,-241.07,24.45,-53.65,4.27,17.8,3.44,-33.24,22.47,16.48,5.26,25.16,-11.02,-51.56,19.16,223.29
790,-249.04,19.05,-55.64,3.25,11.05,1.61,-32.46,19.33,8.98,5.87,20.59,-16.27,-52.0,21.46,233.48
793,-244.34,18.95,-53.04,6.91,21.07,5.91,-34.43,21.26,14.86,3.25,26.71,-20.56,-52.41,19.0,241.92
796,-241.09,17.05,-51.8,0.19,15.1,11.32,-34.99,23.04,11.89,3.1,32.73,-20.25,-52.74,17.93,236.5
799,-240.78,17.46,-56.76,6.17,12.7,4.99,-35.71,23.66,12.96,6.63,21.79,-12.95,-53.2,23.64,239.49
802,-240.95,20.97,-55.89,6.96,15.91,10.5,-33.48,19.72,18.71,3.28,25.82,-17.71,-51.54,14.03,229.73
805,-242.7,18.23,-59.43,6.19,13.16,9.32,-37.35,21.42,20.24,5.11,25.52,-13.75,-51.16,23.81,236.74
808,-242.95,16.6,-53.15,-0.25,15.47,11.46,-36.22,22.09,11.48,3.89,25.55,-16.83,-49.97,16.94,243.58
811,-242.31,17.51,-53.75,3.82,20.09,1.18,-38.66,23.69,15.87,6.88,26.81,-13.74,-47.65,18.58,248.34
814,-242.64,24.69,-52.97,5.57,15.72,5.04,-37.45,24.39,16.72,5.39,25.36,-15.22,-48.43,17.34,241.38
817,-244.14,19.27,-54.35,11.23,19.62,7.44,-35.13,22.7,22.06,7.04,30.73,-16.99,-51.56,15.08,230.58
820,-242.36,18.48,-57.58,11.78,14.6,4.72,-39.35,24.94,21.74,3.41,36.09,-15.74,-50.51,16.38,234.27
823,-250.8,17.69,-55.34,12.18,9.85,4.82,-36.34,21.97,11.43,5.66,27.42,-15.21,-53.15,12.25,234.43
826,-240.92,15.09,-58.57,9.58,13.08,6.61,-34.92,22.36,11.43,5.04,34.31,-17.01,-50.26,20.94,225.52
829,-239.54,23.43,-52.67,3.16,17.36,1.76,-38.94,21.02,16.75,2.28,27.23,-13.58,-53.16,16.67,229.31
832,-249.09,18.08,-50.94,8.91,14.24,6.19,-31.02,19.67,15.19,5.39,23.48,-17.23,-49.6,11.59,230.63
835,-243.01,19.01,-56.64,6.36,18.74,4.86,-33.36,28.19,15.23,5.24,25.51,-19.18,-50.11,16.86,234.09
838,-249.65,15.28,-54.33,3.48,15.09,4.71,-38.09,25.85,20.1,5.75,29.41,-15.79,-52.45,17.63,240.04
841,-238.36,18.93,-56.0,6.3,10.32,5.75,-34.16,26.28,11.4,3.7,27.21,-11.57,-52.04,17.0,226.17
844,-239.72,19.29,-51.23,10.53,11.32,2.56,-34.76,25.38,12.7,8.23,32.27,-11.76,-55.0,12.51,226.3
847,-250.57,17.9,-51.72,6.6,12.88,5.95,-31.22,23.15,11.45,4.71,32.59,-15.49,-55.81,16.64,226.28
850,-243.86,17.43,-49.36,7.53,11.62,0.41,-35.0,25.58,11.68,6.51,23.87,-13.55,-46.8,21.0,227.52
853,-245.65,22.34,-59.95,4.86,11.34,3.39,-39.41,20.59,14.28,6.32,26.39,-17.44,-50.43,15.94,235.74
856,-239.05,20.59,-51.09,5.93,14.91,3.6,-36.74,22.74,12.93,3.74,23.7,-17.45,-52.7,16.88,231.23
859,-246.61,17.73,-52.1,4.36,12.13,9.0,-33.65,23.93,16.54,5.44,25.94,-22.74,-47.29,16.6,231.14
862,-247.15,18.72,-54.5,7.42,9.95,5.95,-34.4,19.75,13.69,6.1,31.56,-13.67,-51.64,20.2,240.69
865,-247.88,19.32,-53.6,0.31,12.67,0.94,-30.02,29.96,13.59,5.09,26.74,-9.61,-51.42,20.98,238.62
868,-237.46,14.69,-53.82,8.05,13.42,8.01,-32.54,23.18,14.3,1.7,29.78,-8.89,-47.5,11.93,228.09
871,-241.91,18.41,-57.64,8.1,17.63,4.29,-38.0,18.46,15.23,2.88,29.4,-19.06,-52.1,14.45,229.32
874,-240.94,21.49,-55.15,7.79,14.41,9.36,-35.49,25.41,20.94,7.39,34.35,-18.98,-53.76,16.78,235.6
877,-243.19,22.78,-54.45,10.48,16.11,3.46,-35.61,23.26,14.56,8.26,34.16,-17.47,-51.93,16.38,227.83
880,-238.31,20.72,-53.11,6.55,13.97,4.57,-35.49,23.97,19.32,2.63,31.09,-18.57,-49.22,16.26,220.18
883,-242.53,16.37,-55.73,2.29,16.11,4.18,-34.17,23.18,16.19,7.16,36.84,-14.14,-50.92,17.98,244.45
886,-242.35,21.01,-52.96,2.83,14.66,6.82,-36.24,25.98,19.39,8.99,24.29,-15.9,-53.39,16.39,219.56
889,-237.11,17.86,-58.6,5.88,16.73,0.81,-35.89,24.03,15.52,6.21,25.47,-12.28,-52.46,17.83,222.26
892,-251.12,20.47,-58.56,2.07,15.25,3.47,-35.84,27.6,15.7,6.57,22.59,-17.01,-50.91,16.4,231.02
895,-241.96,16.97,-55.98,4.35,12.89,6.58,-28.11,22.63,16.13,3.57,26.87,-16.38,-50.17,22.44,240.81
898,-247.32,20.77,-56.76,4.38,13.78,1.42,-33.12,22.22,10.32,4.16,23.88,-14.24,-50.41,13.74,233.58
901,-245.64,17.73,-52.67,5.92,12.0,6.46,-26.77,17.79,14.96,5.07,28.9,-13.75,-48.61,19.58,229.96
904,-240.0,15.47,-57.52,8.71,16.41,10.37,-31.43,22.49,13.1,5.19,22.05,-9.58,-53.94,22.7,231.7
907,-241.67,25.27,-52.51,5.2,9.05,0.12,-36.5,22.4,12.34,6.98,23.38,-19.48,-47.42,22.61,227.03
910,-245.08,20.87,-54.51,5.23,11.83,6.88,-33.75,25.09,19.88,4.51,27.15,-16.14,-50.77,19.64,226.88
913,-247.69,21.05,-55.87,9.23,13.06,5.0,-37.88,18.29,13.53,6.12,32.63,-15.82,-54.69,18.98,245.39
916,-242.51,16.68,-52.15,5.44,8.04,4.29,-31.96,24.88,18.28,4.24,30.04,-17.22,-49.27,14.35,232.29
919,-242.78,18.56,-54.86,4.31,12.97,7.21,-33.27,22.7,19.23,3.83,25.74,-18.66,-52.0,16.16,231.06
922,-243.53,14.6,-56.04,4.33,17.42,6.37,-34.0,23.48,13.85,6.19,21.17,-16.4,-49.68,15.61,253.2
925,-241.57,22.45,-52.19,5.48,11.92,4.24,-35.36,33.97,13.19,5.49,25.77,-17.25,-52.48,18.62,235.65
928,-235.41,18.1,-57.53,4.02,11.93,3.63,-28.79,20.9,16.36,4.86,34.46,-17.37,-47.75,19.17,222.89
931,-242.62,16.98,-57.53,7.92,17.79,4.78,-37.93,22.75,7.96,2.54,28.93,-20.27,-52.96,14.29,229.29
934,-237.18,30.01,-56.03,7.97,9.21,3.91,-29.48,22.41,18.75,6.83,25.96,-17.55,-49.86,19.36,232.46
937,-251.51,13.46,-54.63,5.5,10.68,3.76,-31.22,21.47,10.11,5.68,25.29,-16.39,-46.89,17.39,232.52
940,-238.76,25.01,-53.22,4.15,12.89,2.18,-38.4,23.62,17.82,5.79,31.25,-14.95,-53.68,13.93,233.05
943,-235.6,16.31,-54.51,3.59,13.0,3.99,-35.7,19.44,14.72,4.78,35.12,-13.38,-49.97,15.06,227.24
946,-240.44,22.87,-51.94,6.65,12.5,2.26,-34.27,26.42,16.42,6.54,29.39,-15.17,-46.41,16.48,226.07
949,-238.67,17.13,-52.82,5.57,11.33,6.49,-29.88,23.71,12.18,4.27,30.33,-18.78,-47.67,23.41,234.05
952,-243.15,20.96,-52.62,5.51,11.71,1.27,-33.02,21.77,18.75,4.36,30.14,-19.52,-47.72,14.4,227.61
955,-241.61,24.63,-52.07,1.46,12.0,3.7,-33.52,24.55,14.77,5.94,24.21,-12.25,-51.15,15.39,234.59
958,-239.37,21.26,-56.49,7.35,11.38,6.71,-37.84,21.25,13.49,5.79,27.96,-15.75,-51.17,17.14,228.83
961,-248.29,17.54,-53.87,3.64,16.46,7.31,-29.82,25.28,12.28,5.34,23.81,-16.95,-50.81,14.05,224.39
964,-241.26,15.65,-54.63,5.77,11.17,5.73,-31.79,25.86,14.7,5.92,28.26,-16.29,-51.68,14.53,228.52
967,-242.98,17.26,-47.99,6.68,13.18,5.95,-38.55,21.08,16.37,8.14,30.95,-13.13,-44.39,17.53,243.06
970,-245.19,19.92,-58.96,3.65,12.81,4.75,-36.37,22.87,15.34,4.08,26.54,-15.32,-50.76,15.81,229.41
973,-247.09,21.07,-54.8,0.39,18.64,9.36,-35.96,23.1,13.34,8.7,29.46,-13.25,-48.64,11.24,234.33
976,-239.86,21.16,-54.26,0.17,13.2,6.3,-37.81,24.24,18.7,5.11,32.46,-14.29,-51.53,12.63,234.22
979,-243.03,21.63,-50.35,9.38,15.42,3.11,-29.83,21.25,11.7,7.96,32.16,-17.41,-54.79,13.73,235.58
982,-246.91,19.58,-55.07,6.26,12.8,10.41,-30.3,24.72,11.84,3.54,27.11,-19.48,-56.17,15.47,235.17
985,-251.18,14.91,-52.39,8.82,12.63,0.22,-36.84,22.4,17.29,10.02,27.16,-16.57,-47.82,18.0,229.75
988,-247.37,21.4,-55.62,5.6,11.6,12.02,-37.12,22.31,14.79,3.83,27.53,-14.09,-52.35,15.12,232.12
991,-236.38,22.53,-54.21,4.26,13.68,3.76,-37.94,25.58,15.45,5.41,23.71,-21.85,-52.55,18.2,228.4
994,-244.61,17.96,-54.82,6.99,11.44,8.33,-35.94,25.35,12.77,6.97,29.41,-13.24,-54.88,15.58,233.49
997,-239.43,17.9,-54.68,3.43,14.65,9.23,-35.48,21.7,12.74,7.76,31.44,-15.6,-48.43,15.44,229.27
1000,-242.37,18.88,-53.9,12.2,18.8,5.36,-34.99,24.05,15.72,3.76,27.61,-15.42,-49.74,18.84,230.0
