,PC1,PC2,PC3
1,16.26714548385783,2.2015953216159483,17.671656038796907
2,17.51840393552237,-0.1137904325703292,15.270827455724646
3,16.898435628244027,3.6629945956043066,11.914477418069533
4,17.768822226785094,1.4125426843277293,11.317838185157466
5,15.341297309296639,3.0526593516187113,14.63412167743352
6,15.069153539869612,0.9728874410638411,15.46077465378899
7,14.584378824196465,-0.4184551628713749,17.54431971102239
8,12.071034618398027,0.6052640705591621,19.0327656503771
9,12.639873737845859,0.9716395448871922,15.741176971268013
10,10.918839181722552,-5.239854497426374,16.076025566790907
11,11.627664710754335,1.0729629384417216,14.951023153325158
12,13.50845641674746,-1.2988116879986968,13.41952095167936
13,15.279656933525848,0.11948413647372486,10.878555833997991
14,13.608679809771798,0.4990680987595897,14.197938566595543
15,16.329522450481562,2.8295735286502586,11.1894798790874
16,15.54555659571327,0.47698805509520653,11.504077078172914
17,15.542103153838395,2.6438401872191393,9.7873230009271
18,17.482385928384645,0.5651705853964636,7.4332633170355695
19,19.396439678822105,2.975814034341036,3.575752464351814
20,19.629351584868864,-0.525214225454216,4.446505901059222
21,18.00373713965158,-2.8950837181712474,4.511956861005092
22,17.226672685225783,-1.1921801490090482,4.872337975726672
23,18.7975040564939,-1.488541833959363,3.5963979875822156
24,18.059167601134416,-3.5010900628204196,4.748194067566472
25,17.817683653273683,-0.16998684300961694,2.013758452321062
26,18.667185911944017,1.221545775861754,4.307910109953168
27,19.593582105880053,-0.8826938763686553,5.215443659422808
28,17.660772689182025,-2.7857140525298463,5.281183222586768
29,18.77205379857734,-0.05823405800794441,6.03762884629461
30,20.267440620552357,1.929310544529588,4.765281101241222
31,19.962458907764624,-0.3519827094327918,3.726225417069033
32,19.375076882827333,-0.06259539762565529,6.2622276285561265
33,17.17995109335273,2.3605112697262087,4.828672086623939
34,16.52750169622025,0.11762500566705685,1.2296824943347395
35,18.095238594028846,-2.659877541252493,2.358945240384551
36,19.336033049085575,-2.600721156736267,1.8794727050091025
37,18.192034669879412,-2.103726442612259,3.34408171225175
38,18.899250026445234,-3.5551777888705827,5.2149134751285
39,17.276609771678928,0.33740396818848295,7.329861151703661
40,18.984533892770465,3.413733088180322,6.338132178196475
41,18.470219175685408,3.3759219076718474,7.170809684643843
42,18.87102551089068,2.017555034009707,7.2307289871302
43,18.92208478324229,5.62890397521447,8.423098812059171
44,18.741668648842907,4.159719387949097,7.075136273306133
45,17.01663889499819,5.325160346824284,3.9547223686931336
46,17.766636798547825,7.295009133375513,7.121102149805296
47,17.090630103581894,4.817247455436695,5.944008836855962
48,16.996487081917643,2.292796277910776,3.0739968003476292
49,16.83563655856542,0.94670172499538,2.3638344036188883
50,15.450709285871108,-0.8970580122378644,2.241804630327538
51,19.281326891325314,0.7976110366617316,4.60924419974762
52,20.745125846520747,1.3801972746804243,3.8544534556359067
53,20.7667384438422,-0.7660499649460697,5.098747140750359
54,17.48724101130008,-1.085504918221495,0.09837954441446618
55,16.360055638538867,-1.5865492468703564,2.351446584480516
56,19.236636331754465,-1.5415732260963595,2.6746911471717594
57,17.562137020239373,-2.2145278756284665,1.0551472649038436
58,13.552097167850862,0.6132716951512079,1.189974003678009
59,17.892296766716637,3.505291401034242,2.8008162227123967
60,16.191386286089973,3.3065283419697837,1.7761959385269404
61,16.935458770743665,-0.5864279779583659,0.8514450873471808
62,19.989322350875316,2.3247696311279475,2.3189717340157667
63,17.641770546147786,3.565601591478508,2.0265048877500664
64,16.87134285232399,4.148173856025888,1.5571651067398753
65,17.873397221451413,4.762901443148266,4.341396797979903
66,16.95972633369864,6.492803987038289,4.149326771227254
67,17.59781303972492,1.3922842711074042,2.0733580337652326
68,16.110650224120594,-2.7734215948883434,0.9457259207158821
69,19.873581874879335,0.38556138546662977,4.032983044884444
70,18.019594950065116,-1.810422637544874,5.25714467444572
71,17.96387373193588,-4.807589582631297,6.004903429370762
72,17.935082811908796,-4.1050322625737365,4.814810918922876
73,16.973913389088857,-4.470565313242812,4.231803368882239
74,17.84261227646742,-6.396026466090282,5.157635340277355
75,17.34518597223653,-6.327103358683266,5.5930465801050255
76,20.338259355884293,-1.0984314616543562,4.603837830191976
77,19.787983106152566,-1.3669825414098498,4.032912203001944
78,19.812778147397154,0.03932545520579703,1.9383652538659544
79,19.044624287988587,5.208519446376686,5.8368193549876235
80,19.396010676536452,6.371244771692598,6.101141290962353
81,18.64936052794319,6.906248313857844,4.5739964837779095
82,17.090376019137466,3.5055823545005422,3.1902946868602426
83,15.798813819238303,4.890948383137773,2.145515252545878
84,18.591838583251054,5.08999213014294,5.969997472490469
85,17.916948714286466,5.232188640630485,3.7933412040333585
86,17.777786489973742,9.532427648851733,2.687333869399543
87,16.765935198372866,9.52285724038306,2.237776075933313
88,15.1507622099907,6.733774045652614,2.0290174828827823
89,13.517318640232475,6.538317825208197,0.3689533387741019
90,12.215934041298171,6.016953270059235,-1.0895112373939466
91,11.636250759224033,5.409782410476952,0.17146927210518495
92,13.136388178418214,4.728235392396649,1.0760413767221249
93,13.893203730358277,5.806194155192141,0.9964800332532491
94,12.700919080288113,1.8451938845807003,-3.1798124767118376
95,9.730686820074158,1.1020534443321663,-2.638573293731918
96,11.11690005597699,2.163787533306935,-2.2942523209166
97,9.026017661853498,2.015124382248071,-3.474027800979683
98,11.260127533160482,3.0891659817272368,-2.07969745299859
99,6.055971584065397,4.923889338694834,-4.712828196298589
100,10.625256876744665,5.535008577250637,-4.739743834083073
101,8.473216832816915,5.164489945098918,-6.1226544952972075
102,6.166751932318681,2.3391566500262044,-6.585296397909178
103,7.0034182438177615,2.044480366653679,-5.10686824223458
104,6.4964899957008795,-4.490891559916835,-3.853639837716868
105,6.081307756733583,-5.073620683879272,-3.8638856956695515
106,5.396699120055876,-3.275693969445563,-7.550977516465905
107,7.8790827429979915,-3.7582902331358135,-3.9847797465843096
108,9.28084229034933,-5.064340900187685,-1.584184909612785
109,5.511803747346338,-3.263020305733985,-4.717214601254059
110,7.48607534685215,-2.743481480255429,-8.9860749780282
111,9.94105634746809,-4.177181501113591,-7.4634305604744
112,8.871790933065345,-5.783992205435347,-4.514199825735822
113,6.214607531917261,-4.705593658800618,-5.520079914934749
114,5.653195865484039,-7.961708765651218,-4.004821360738455
115,4.74794954656755,-8.264019152910153,-3.8969778657465377
116,5.295652817924005,-7.343982475019954,-2.3640867534049153
117,-2.559183286561064,-6.172780876430408,-1.6482552930249383
118,0.4428236864881953,-7.029766724853347,-1.101830774205178
119,2.0491762564073035,-11.59167983978839,0.786493261642041
120,0.5524499499807224,-9.900974177524834,1.7797811621259614
121,9.589329349157873,-9.144801192497287,-1.1813521352430634
122,12.04489693923595,-6.816783280406656,-2.1702912586776733
123,7.8507180504622625,-5.385739791563421,-2.9188477456554356
124,10.974063265637813,-9.625054199945778,2.4208818396527603
125,11.77192219981847,-7.722842473428689,4.519692686633246
126,11.213031753307732,-6.621324848320413,3.00698058467963
127,12.95063565869177,-4.377615528100338,2.4593076847126945
128,10.867595889277055,-3.835364055326545,0.806005098201107
129,13.105623049178028,-2.984892731939594,0.7603390024771995
130,9.512853692939219,-7.203844934816866,4.008818213299526
131,11.08428828758341,-4.645275457390262,3.862800852522683
132,11.3904284400741,-4.967260001348258,3.0697668671146947
133,13.8239142776727,-2.4504840878009873,2.8039407422361156
134,11.892588954375173,-6.401382292661791,1.7429443160443792
135,10.85958594790002,-4.696949638317855,3.346518481354721
136,10.217326420465525,-3.392783385399281,2.6550285865770737
137,10.837203536605736,-4.947898750469887,5.802835806738083
138,12.68056380746646,-3.757426843357122,5.8722502903404665
139,10.583358180024915,-6.498344645595041,3.418569850058901
140,12.162387272868338,-7.177219497892194,4.7724762914530405
141,12.574821964846645,-7.755179711428049,3.8443454184352444
142,9.748805542900719,-5.040786644179238,-0.8471772220845578
143,10.396502157984605,-2.8035818849741734,-3.0323348109667383
144,8.678418942171955,-2.0563495270129235,-3.3361331707947444
145,11.655875178669344,-1.473408852042092,-0.712534017000735
146,12.97775972070233,-1.7830363252897354,-0.2932066317129447
147,13.873946897373951,-1.9496784749278633,1.7142590105676359
148,6.668268970623964,-0.9294169713559083,-2.1918843517224236
149,10.080449383091473,-0.995495320119824,-3.0258349756219705
150,8.980530215242524,-0.7176563909695381,-3.252926952556115
151,11.912793002715354,-0.5817387286071418,-3.6959693499410213
152,13.356245918914874,-3.5096974596341464,-0.44814016443702204
153,12.052603919636459,-6.13749752824422,-1.3770694015662646
154,13.143000390964431,-5.2907197007389,0.1616353636226967
155,12.213720774901711,-7.545462444357262,0.8712962809382501
156,13.990407870191984,-7.4939564155692215,1.2823829379786507
157,12.390878235602662,-5.755422313733823,0.6843810913024301
158,11.691420215022417,-7.9804464067130505,2.751177429953093
159,12.976313623842504,-9.623463685052034,2.40977701949485
160,11.501340057539498,-8.66903330597165,0.3288267036741278
161,12.866789332281941,-7.436848186081115,2.689663161416295
162,11.522175038510886,-8.686234013387654,1.592259139434312
163,13.003542038097923,-7.690800496561169,-0.6682752902613046
164,10.000489052137157,-8.042304161282093,0.8083347695871541
165,10.635254806469668,-9.593455480165916,-3.707118882359342
166,9.899102668229085,-11.032863492767195,-3.068699225814874
167,7.983687482630218,-11.986362106737635,-2.667870920563076
168,9.301180022986276,-11.86296632874527,-2.18164045331059
169,8.199188277552643,-13.657344707492,-1.4750338139589825
170,11.435979558790198,-11.673039631388347,-1.780371074136059
171,10.375532741320356,-12.634216693054828,0.32016096133101946
172,10.6434908777936,-5.6794942098610806,-3.7251980458685794
173,13.233027302878458,-3.20904766358397,-6.115638114220683
174,14.19979181722443,-3.0399685304364916,-3.967151756921767
175,14.660273409509422,-4.118466721165181,-1.8655772303747464
176,14.258504425826592,-1.955632690858777,-2.72214311150374
177,11.649722630297143,-1.238415107697765,-4.123887446978074
178,13.71909372438086,-2.6400819004789673,-7.572256170655397
179,13.314635350828778,-2.2904865737777165,-9.047701203707735
180,19.75742051348851,-0.6846495757521506,-5.0592105105076985
181,14.311035784507226,-4.635982595626944,-9.3585371760207
182,10.86792210915448,-9.725257856055304,-3.975137874626775
183,15.697495354238145,-9.3606953594349,-5.088449262164382
184,17.796915982224906,-2.728058853356768,-5.928732543269761
185,15.808223980869522,-7.045879752385468,-4.641444984742482
186,15.233920320043302,-5.068668346404696,-3.9795753722579708
187,12.447726638159587,-9.698740050379087,-5.3911069849389275
188,13.986575171837451,-9.006445515558191,-5.086560563924496
189,14.629985020913704,-9.540645188839745,-3.1564680491914427
190,12.410640178098909,-12.214448105283711,1.083322238786467
191,13.804737836155388,-9.769802631492595,-0.2615080451046374
192,10.086278333904323,-10.599602545078232,0.09225377460040426
193,9.319224970149088,-7.180912038247287,-2.210505942809512
194,8.149816164393679,-13.26068557914264,2.032989029055357
195,7.546461713881823,-10.954495655137425,0.7238431900050205
196,10.85733127253772,-11.730117263632339,-0.8250283199701055
197,11.396537426650614,-12.345610596360334,1.0354824474627382
198,13.429567084564656,-10.265979660189053,-0.20911661847470964
199,14.312797698351156,-7.787688076826726,1.2070922701743265
200,12.091414066505358,-7.917520918766285,0.6485209504700664
201,16.4959822983631,-6.295126250199961,0.41503060970651634
202,15.070072137006344,-7.323667184590884,-1.8617466047775217
203,18.851516583454124,-5.436433892551175,-3.1499406663496763
204,16.432736610362316,1.0048062726462952,-4.597987616490236
205,17.009775010178178,3.4275984934163914,-4.095537266773122
206,18.850051635697625,-5.023753850428752,-3.8950270300694565
207,19.570676641829436,-1.70247099440324,-5.956067051379818
208,21.234415674737484,-1.2837827981281689,-4.9178132225947015
209,18.760213804426932,-2.209478490712399,-4.464860378374097
210,16.5804294673517,-1.329680046536748,-5.197640818834721
211,16.88674068567637,-3.6684207935812223,-5.068691427409678
212,18.819838758977138,-3.945145212555851,-4.487074484863505
213,19.99355434431899,-1.5520701264818182,-7.881270648775059
214,18.972829844797136,-3.44363548163009,-5.2777457378967565
215,17.87184605863784,-4.5428001910057345,-2.9431207728507576
216,16.477909854973692,-6.1229661407362235,-3.6550364787458562
217,18.78103870664934,-4.167275815492195,-8.524356451019365
218,18.788205039588334,-2.892874667600543,-7.981220205660357
219,20.14756984759272,0.687937840117245,-10.80641855061613
220,20.42123935255506,3.3182962999114003,-7.353247167853414
221,15.764635879931859,0.3579025424793035,-6.984708185060122
222,13.638609653597316,-0.026257100896632073,-6.561344791912213
223,15.417755327235275,4.573189175174875,-7.898103727930798
224,15.600438467197035,0.8023950391252551,-8.548320901810241
225,19.11936837208162,4.469821710922721,-6.272954724673982
226,17.434304629170143,4.714362530090574,-6.047239738883959
227,17.474738540939786,4.47209353083598,-5.14398769966895
228,18.280724091898588,5.649858292581889,-6.25201455470762
229,17.10649817803515,8.577005357213153,-3.512612228740388
230,14.629739940862398,8.9004129327934,-7.913836287267142
231,18.595923881687526,9.033674832771455,-3.3499078071767565
232,17.791325386387697,12.065158444644302,0.2174767678717701
233,19.87900225743846,11.392458710400307,0.12307267950056495
234,17.667572423589768,12.526460510111011,0.39143389620476043
235,16.61623632172695,12.726719519609565,-2.726102355551331
236,13.358867245158896,16.100750059861163,-2.1450621496610798
237,11.007495230006493,15.329681695042542,0.42785263028295073
238,9.827143694926498,15.502026249329168,0.030318175519582723
239,8.050359173572176,15.178637959419552,-2.52592535462679
240,9.564874043085942,16.352798388087198,-2.061109985017532
241,8.100672094194488,15.415137224696803,-0.6956706668375913
242,4.0499364847125605,15.245582262050442,-2.1132272080876757
243,1.4403571671057205,18.86226705430267,0.5481300951964658
244,1.81966851686092,17.462698279814145,-1.5654833701598159
245,4.390566168637273,16.282464512074153,-3.468008561438027
246,3.605442639121037,14.993869415262001,-1.6865536406673773
247,2.962194718052358,15.9368856886039,-1.7502285094802172
248,1.834098113258049,18.33854160042752,-1.0813143697160006
249,1.2464589828924477,17.431447263089236,-1.292720045398179
250,4.689443752617305,17.83722047507313,-2.3668903595577246
251,3.3962294195751292,18.145892803431725,-1.360314713152828
252,2.3743836168099866,17.586586876954758,-1.9923564907349312
253,3.1009327643527764,14.323839731936387,-2.6534411512967737
254,-2.4622067362234263,16.254251460044024,-3.559675095490917
255,0.7926455260848709,17.858875037323706,-1.6641956036191925
256,0.09353903524207352,18.368675936927684,-1.626562259650177
257,2.044698599997344,15.91322222155346,-6.611067399534059
258,1.8123016500660956,14.683501690997359,-5.023221074823808
259,2.1794076019206208,13.136186295978995,-6.321784051138302
260,1.6998377250835495,11.912463803607732,-8.776465481756855
261,3.6907122305452256,8.121360375457707,-6.515943948885881
262,1.97958806857195,9.648466109847678,-5.691295005285877
263,-2.2395166486223843,10.739727651164687,-6.367457537175047
264,-3.6034808065469615,5.840418217344954,-7.440149796075143
265,-2.870114969937863,6.123307313786395,-5.170302008097863
266,4.094535673743608,6.7053005361894575,-6.119523486425368
267,8.35281737932837,3.2748389693439517,-1.6232067685967981
268,4.994028278715557,7.93166737949708,-0.5079617505319768
269,6.935379285135331,6.207216176168048,1.5568279648390837
270,5.456650939179822,1.7731136375397156,1.0472404398739206
271,2.3053987336708137,5.750243394212794,-1.254441311873198
272,-0.1725220863872671,7.348405621961417,-1.3802241698951663
273,2.9374555022069897,4.85159729544069,-1.5687142388394728
274,-0.8397428587377719,5.616734928896659,-1.41756910904348
275,2.6587381535259493,7.8921743092035435,-2.2195878712273496
276,3.8780858411790287,4.418232829714848,-0.4875162696743564
277,1.1156090760563988,3.8856811188067484,-0.9557620604563577
278,3.2190302837587668,2.1676571832538523,-2.9261807840920704
279,5.96024973279467,2.3942965557521227,-2.814639871128588
280,3.2819559817748125,-0.7374807939552479,-2.4079035974638003
281,0.630724424775476,-0.44301416000579147,-1.8400285839576243
282,-0.6713279837282017,-0.4371088393038258,-5.125413393901439
283,2.492909193789905,-0.4117238919147053,-4.8204021988028725
284,3.5515725027036344,-3.247281651204121,-1.7950919275270432
285,-0.35283406442118526,-3.202468499620396,-1.486713856790605
286,1.0615194595212925,-2.4622347720097624,-1.4221554273759158
287,0.1726468530714477,-3.228040805844463,0.00922163957318623
288,2.272470810984529,-4.21971057024493,0.7989409499992686
289,3.8658513790888294,-3.0234250578525663,-0.31848983000864256
290,-0.09949342894899602,-0.871169003699784,-1.238989748451546
291,-0.8698614783163848,-2.4354781096020184,-1.4947524041825733
292,-2.2735021295282567,-5.617939271924785,0.12353347077126776
293,-5.147244939089935,-7.743767943229028,-1.2015405971915842
294,-5.32616590817068,-6.742269577195786,-1.119616002933968
295,-6.8324422923746235,-9.481599780878486,-0.45165862384966615
296,-6.177538165584749,-11.306630401984583,1.5016234184487336
297,-3.566063204926647,-13.163969057406408,4.091869126434299
298,-5.457778930578411,-13.206609086031547,0.8996356281963507
299,-6.752762115458411,-11.13937538756423,2.2457003828667284
300,-2.732106620334781,-11.293966644083167,4.259948248533141
301,-3.6892437972918515,-14.726702152963194,5.010264628118789
302,-4.272115913344004,-13.818722806548225,5.947986570880448
303,-4.069495568548433,-12.761734720322528,4.1922741763863245
304,-4.318139597516098,-13.438098478460486,4.119286856910647
305,-3.296191579995288,-12.963593034732638,3.1315095016821477
306,-5.162660899090594,-11.525095603314542,2.130953299680831
307,-0.8233944719510817,-11.440467852102575,5.075945704883191
308,0.06533059109263223,-12.320498929427233,7.958309560230656
309,-1.506338764192162,-12.769957697118103,6.058724088291612
310,0.22288863644348542,-11.954238399732168,7.874011567834462
311,-0.2751010412206318,-13.876205508005727,8.996118537859408
312,2.4164092422976786,-11.82479685174245,13.75297295018002
313,2.051089154735962,-10.199061334224776,11.868652359492184
314,0.8107078460887215,-12.561298302730695,12.814377782847115
315,2.397952269302495,-14.858868381021239,12.65510555415468
316,1.7202954976899059,-17.94291224465815,10.521531701609506
317,4.33895152561522,-15.680097494370802,12.517078129419936
318,3.36111863719799,-12.65880531735338,11.85241370786083
319,3.3605429307536117,-11.539566582807424,9.485019280884528
320,3.160777594486138,-10.100118472306093,8.161504346353592
321,3.157777673637935,-12.789609689717123,10.863754223262465
322,3.473777870914108,-15.153614046743185,10.029887980380044
323,3.9067957776997173,-11.435036810512116,9.431539839541042
324,3.4017856183292894,-12.544945604081084,7.788973330641434
325,5.636517583007062,-9.486127054702392,7.064954874515534
326,3.549503852189498,-9.040082773388178,3.8569153601218837
327,1.4062814566248951,-11.751770071475807,4.4005557930714145
328,0.5800128054067225,-13.85455776618555,4.546865501601429
329,2.52633043377251,-8.529907868080608,3.2520177248849276
330,3.2780758557187712,-11.291144556416844,5.366926440117709
331,0.7320039820221172,-10.058680155024629,3.35693744729085
332,1.7673770964026798,-9.725743909546111,6.214597109778839
333,1.2803153152886235,-11.088911243784858,7.132941958598728
334,-0.6558224432271301,-11.791415056158407,8.848052156779714
335,0.15742603523186505,-11.971495164196392,8.666418782143737
336,-1.2781932354368648,-16.34419862686917,7.828366071208445
337,-4.248015949792722,-11.468544809527707,7.485410590216011
338,-4.0580005269575805,-11.40200361099115,9.3441221998757
339,-5.073888145486884,-13.629518684219828,9.178544139831638
340,-5.146790259361802,-12.035466407864268,6.834817858461203
341,-4.261139585847294,-15.189786853392592,6.186324835735271
342,-4.901956329954927,-16.594758916398195,2.568491928889651
343,-3.086889467620801,-16.840193464243214,4.520100596898828
344,-5.115862479003647,-17.082906403121623,4.195595330496312
345,-8.829673463595151,-15.338303188123158,2.2475129789640436
346,-6.983134766036332,-14.909873716422819,1.598512381559538
347,-7.9393064255155315,-11.541495732172306,-2.1848968598900957
348,-11.718701039392796,-12.246624849042222,-2.6610632018800024
349,-9.724718039165959,-11.878522220336315,-3.245442679789496
350,-10.554926725291418,-13.34736162142085,-1.1679046620501063
351,-11.293600585788832,-14.685189121609323,-1.83988254292259
352,-9.354937204424358,-11.623206086274902,-2.3544970696139274
353,-10.836673614162203,-12.09521495924275,-3.591061978358789
354,-10.307274307448363,-13.137030827574383,-2.2937508093721575
355,-10.618746631579674,-15.69547741209044,-1.3604352924248035
356,-8.038588546641488,-15.524868904383027,0.38432540151118155
357,-7.650602095336621,-14.292815813973512,0.061141300761375306
358,-7.630761781534348,-15.994768535527891,1.3046235309493748
359,-7.513385491805819,-18.737119856487922,0.2263466696977632
360,-10.643063384532255,-14.64620644500502,-0.9590648210411146
361,-15.01905827396678,-13.249228020561713,0.4186296686489518
362,-13.609429318934032,-15.651441787041051,2.9557142094182987
363,-11.96401007483624,-18.367525014087565,5.969320746938506
364,-10.71694583514879,-18.879350695139827,7.517508027962647
365,-9.126461809430179,-19.345961252469415,9.010702297687157
366,-8.904967657244573,-19.262625367667525,12.090408208978056
367,-11.096239947986849,-15.275637540846478,4.859576429184047
368,-12.772036074900763,-15.567602158161803,4.941126036666308
369,-10.959020102424146,-14.659004472872533,7.211017198214393
370,-9.746844568402723,-19.70615783788285,4.841139471699045
371,-11.93236341033772,-17.124986801266044,0.6159955117485056
372,-10.082590592599676,-16.206520437753092,1.4554731404327934
373,-12.765439208017252,-14.902333553276081,1.7909674840950474
374,-12.479241901525768,-20.692772730457644,6.395080087827781
375,-13.749016522316195,-16.942482175488248,3.0628767946944175
376,-14.393503166991005,-17.245834300799437,3.3060335236658083
377,-14.519559487566628,-13.434053666893591,2.5818705126208963
378,-13.417382794104311,-13.212192621942737,4.835922805024691
379,-11.756728061428111,-15.972193790643995,6.148570182995769
380,-18.197809149505048,-12.618301684877332,3.1317254725901678
381,-16.965878123904996,-12.962263336543952,4.469160564933259
382,-16.62831636489819,-13.153387973062626,1.6321142667459725
383,-18.505512377864626,-7.693354190409628,-3.373005358487655
384,-17.317708559670216,-7.786288935639231,-2.77348544850361
385,-17.181985128329636,-11.727120768256722,4.479727740471943
386,-18.185264502337905,-8.127515896013557,-0.9388499425950314
387,-18.984943807640754,-8.447107712773706,0.7002036909886525
388,-18.64734956207223,-7.118335775973926,-1.9163252539412956
389,-18.02858554403593,-7.604995870844173,2.639906083322367
390,-18.031781035781112,-5.503303505375507,-0.03536787879734232
391,-19.465576450128957,-4.158726918535921,1.046671264866669
392,-18.231965489801052,-2.4817405111431867,4.261529020039933
393,-19.306535304792938,-1.3207035677756003,1.6069749063691068
394,-19.472118069615416,-1.4926274165698667,1.867538957034753
395,-19.91943617182203,-2.8736704715603993,1.72803273555213
396,-20.72463954583712,-0.8292885003876517,2.433668216533851
397,-21.003968744238218,-0.48099116284421645,0.5965369094047909
398,-21.476021828192195,1.4032489763930382,4.684314081036789
399,-19.48001002462771,-0.31159830638238023,9.541899306001525
400,-19.39910306860339,-1.4544769724805604,8.947868951046775
401,-19.19855833992427,0.5736240417750958,10.543834264394576
402,-17.529957510927545,-3.340674836365888,8.628312004019808
403,-19.47138250804967,-3.0118241366464624,14.331718215093064
404,-18.50853980330646,-5.566897301375748,11.065312894118026
405,-18.375762240857174,-4.096245168990633,11.629548877223117
406,-21.167192963091964,0.18398675772875886,10.667740988068735
407,-19.56005056879092,-1.1758089191179297,12.399946582912746
408,-19.996002059759565,-2.933424781255558,9.102138174549616
409,-18.043438770516154,-4.8789099955337205,9.74247603922559
410,-18.22408992462706,-3.8577185580070186,10.339988097497427
411,-18.247378050795497,-3.698443067723404,16.320928300363644
412,-17.30726192137204,-3.3391934038502766,13.96925529993832
413,-17.351193560804994,-3.830505482838365,9.052987232066545
414,-16.680171959900427,-4.539328106448838,7.419535404427561
415,-15.787588638959711,-5.9886571174710586,5.589186930902527
416,-16.12134399899001,-6.691183579238109,6.104329929348301
417,-16.68103505157934,-7.214982602022083,6.885515507628793
418,-14.944095917215433,-8.351040159642734,7.623599385029186
419,-16.86764795393511,-7.468398704790496,9.242339263077874
420,-19.157085725661624,-3.714598823038753,6.6035238458796615
421,-19.973858052229406,-1.8482162848657686,10.60137850403987
422,-19.319865616782618,-2.2354837490426274,9.69862930950675
423,-22.248616652321765,2.8733596887933412,9.644568050706704
424,-21.506118482897953,4.568034911945122,8.175413015038558
425,-17.897834591010813,4.625149168051576,5.0204198174595795
426,-18.90281533239949,-0.25500110605178666,3.9234991966844284
427,-17.13902263999741,1.3354521149177223,1.3632534932436522
428,-18.32153945413935,2.0322713957895906,-0.271538048334262
429,-17.876525532923473,4.631368871816842,1.7992047147734094
430,-17.15112041153709,2.8146481790359124,0.683372005022973
431,-15.43329370512593,1.4548227385977737,4.187332284607058
432,-16.30122369020236,-2.6344417403473512,2.0007137585304524
433,-15.191555578245502,0.43974788107017376,2.925457760295002
434,-17.09449843763236,1.5630118940028994,-1.2023140595452726
435,-13.911848640890364,-1.0971928047173958,2.5334904071778266
436,-16.356549936549204,1.5085562648388346,2.6938826369580595
437,-16.444648980960288,-2.3454072539101616,3.417191636029522
438,-15.790206866140254,-2.34998360686185,5.598552563456233
439,-14.635396244034778,-7.848724514325323,7.6911558813107845
440,-18.37765604925543,-5.518292368944508,7.553739627972897
441,-16.689595284321747,-6.487303871937169,6.721251758969613
442,-14.976917777695538,-9.286834100490712,7.577798331235624
443,-14.981879363940227,-11.843417957975362,8.15418501607408
444,-14.471057729446466,-6.887210574669713,9.886443085743819
445,-15.171016708722348,-6.441630186288139,6.698173453333973
446,-13.942030368475281,-10.572688277645968,4.27800619361805
447,-12.816615369192068,-9.963195316737737,6.427841753193036
448,-13.098866374078124,-10.809999286833474,2.352333243965719
449,-11.905547763414937,-11.196116585813792,3.2463699383435753
450,-12.949551870895686,-10.735587643828643,3.5889556020582467
451,-12.231278962753699,-11.09982596024326,4.422731117452395
452,-12.62170007286141,-8.591689137179264,7.008629195120776
453,-16.167488891653036,-3.718554489072756,8.00288707519366
454,-16.680250671349285,-3.6632491459012138,9.416043337716328
455,-19.333203398666207,-5.862166836165985,13.724192124370704
456,-19.03160595681623,-3.54427908326442,14.550137406468512
457,-17.77983787810976,-6.653965926770742,15.319874260644864
458,-18.501888168499168,-4.475646193287941,11.617502732718437
459,-17.546304100633517,-6.740882404544555,13.032764442022064
460,-17.353018488725187,-3.3202864286127527,11.965277161506512
461,-17.413828019186113,-5.188018399530094,7.448384515175749
462,-17.99047044402276,-4.263278468562521,5.498675672365968
463,-17.341603507230072,-2.0723710467064196,8.570132445026385
464,-17.2237129581711,-3.623036461733243,5.630430390307301
465,-13.713502820683729,-5.416634476371909,3.482859970751424
466,-12.430555769111809,-5.51915378812702,3.176573502479058
467,-11.893416125767427,-6.768430909070114,2.4277443723085863
468,-13.397016128161129,-5.265312163232583,4.527539813347004
469,-8.755314582872415,-7.7838857330398845,1.332272761384447
470,-8.394190537464455,-7.453045316771186,1.3005779052189699
471,-10.182139420315316,-7.117682047666343,1.5885831875829874
472,-10.49584171339006,-8.6068474991591,2.640923286558311
473,-10.884404855137435,-7.841248206027474,1.5871519721591385
474,-12.0582010700373,-6.441000023072934,0.7817831766750764
475,-10.475938530669225,-9.079234487132702,2.4299668644301677
476,-9.256966626594902,-10.20976401075005,3.901123126986569
477,-10.74500213951131,-9.496003554828611,2.0379202723402905
478,-9.854756628877528,-12.026452442161906,4.343652542810538
479,-8.819100325539448,-10.595489944323427,1.7785477968232044
480,-10.972709547646534,-9.48329594747521,2.673575319042169
481,-9.99192551513714,-9.438748901498917,2.643782722730923
482,-9.586425782918816,-11.087745447537223,2.863924922630705
483,-11.294713714681793,-8.56698517371051,1.0027815256318087
484,-9.550575338260407,-8.276573944596523,0.6953303185178065
485,-6.50468635699859,-6.906678153570891,-2.110268720540035
486,-3.9206779872634296,-7.34296787453201,-3.3851909242853337
487,-1.7590154863352712,-6.297910588531256,-2.8650008844905877
488,-2.6088103258658504,-5.790891875650033,-3.935254890367743
489,-5.694717550232225,-6.075521119325325,-4.975582202592841
490,-9.391721452485493,-5.890004800200932,-1.8041955669449232
491,-8.209867802559835,-5.81500708534256,-1.5845783464636043
492,-8.682819737297018,-6.060450157654415,-1.595919712576758
493,-10.802076648271386,-3.9350040350308695,-2.694546275588661
494,-9.666228601784686,-4.596850614584356,-3.865636323925667
495,-9.46046980281154,-5.225521119528996,-6.300390151303504
496,-14.645789068562475,-9.110223308959805,-6.8189890866046525
497,-15.267752517775174,-10.09021326590467,-6.328487390035762
498,-16.52476590296999,-11.00180545520035,-1.1278390424285063
499,-13.193810680746433,-8.93210577649574,-3.0731161747576503
500,-15.99668920490537,-7.4027401996113955,-5.780480305074344
501,-16.61263004997676,-4.965064299083747,-4.3717081158842666
502,-13.923680303327538,-2.4667293176391087,-3.9745905080437867
503,-16.158515592059704,-2.8593486245524593,-4.15687776447802
504,-16.034621196003048,-3.1151464237280173,-2.801425416579849
505,-15.744288288789356,-1.365886535973455,-3.5779668037083683
506,-18.619785251070294,3.7029530846368672,-3.9969663955633057
507,-14.345897710109035,3.2206293357599263,-1.3590386228231601
508,-14.363343345934373,2.513877386206045,-4.544732055184351
509,-15.794973759591626,1.9808883900542507,-3.699792777919935
510,-18.921130412314227,1.3233251142942712,-3.6047925648880956
511,-17.05069177019084,-1.3190737868909157,-0.9695867862337324
512,-15.374843907723209,0.8991757502263598,2.033639088439064
513,-15.497389113476599,2.461385714178613,-0.7499137373850495
514,-17.459493485337692,4.506477123692211,-3.160033543337076
515,-16.996146439488818,5.0799593640333915,-1.8850224642930289
516,-18.484525028185313,3.670115853133334,-1.850785789562648
517,-17.130960212735268,3.4541061806011104,1.687770400064518
518,-16.095230141349642,6.0333532523985545,0.8911794610183228
519,-16.65414976639971,3.8562085919624045,0.2105684287487892
520,-17.601689184972205,3.2296371145053957,1.9196414328714497
521,-15.567466191665346,4.430875599821315,2.851269911054716
522,-15.957821441606496,4.991586131702453,4.591716083913106
523,-19.086506475022663,2.417711045548964,8.44395574820869
524,-19.66991130622257,1.8924174480690652,-1.5135647191240236
525,-18.002630247829543,0.8198836902966292,0.20592421002549147
526,-19.490321840913666,-0.5058897741784093,3.220719164613206
527,-17.791739401429247,3.4756995490273477,4.713711642606751
528,-20.128881682228776,0.006288838172063663,5.2545267632473
529,-21.60330541855436,1.9899088951613815,5.090108337242924
530,-19.610755318033952,-0.29478870094156256,5.843873212920684
531,-18.270226475664796,1.629322931422173,7.157833176175815
532,-20.263439766304362,2.8859428564120058,2.187278067094319
533,-17.97522201534379,6.13143933545239,1.7793048663793554
534,-18.312863357923717,9.108726163379648,0.45186256154977805
535,-18.75166176303489,11.7375293434967,0.7964042794224874
536,-18.236260833429792,13.08111454708148,1.1315973853713297
537,-16.4457323631032,13.924510428354724,2.4309684250867947
538,-16.237790068584225,17.2348690514559,4.115966388134097
539,-16.494522852992205,19.66727101900454,6.066569875749231
540,-17.166039681569348,18.184384263155344,3.564099148850211
541,-15.643632759786328,21.44922761467418,5.107724326401715
542,-14.903168013227903,20.808755817242197,6.4396810857629445
543,-15.437348833476827,21.445780919553048,3.7950173344722
544,-15.86901647064489,20.5480879572057,7.007056223770883
545,-17.89455405735218,23.60393735866433,9.587939281155053
546,-16.699462917606926,25.658977452053843,7.730161631734444
547,-13.943820667588428,29.50141087015346,11.710973351602915
548,-14.936484107773587,28.326051635497347,10.751567748680117
549,-17.110392068014825,26.68357948010747,9.250188096713783
550,-15.879411841540502,27.42434866518686,9.914063426622427
551,-13.711115814128165,24.56892385098775,11.919656940348297
552,-12.517055023190087,26.47577724391862,11.269620500148472
553,-12.260411534131059,26.523342607523517,13.426589866024607
554,-14.714549235359193,27.7713325508012,10.861449841246191
555,-12.30943434993638,23.981542197635754,9.87922711496825
556,-13.148553524195844,24.46360565603003,12.875488990866417
557,-14.067587159404844,21.964710110626054,7.881825856225532
558,-17.902122127972447,18.974948628793207,7.409828549404291
559,-16.26902079797531,18.72997505161554,4.12873951407906
560,-16.327297866334835,21.781551061015602,3.09258118666731
561,-16.550191672449184,18.927501678552517,-0.05585030064993589
562,-14.59856126245354,17.96682368047226,-1.7429453376768311
563,-13.653788653217884,17.456080192317703,-2.9230432149385237
564,-11.261168968508178,20.803186158912805,0.3368173521241989
565,-12.608906209795016,17.40391056862521,-0.23861273181753578
566,-12.25228384628609,18.024614421122497,0.5462332204649802
567,-13.286425989510484,17.268804329314495,-1.1481907700938052
568,-14.168809445766364,16.85387413925811,-4.241147636740265
569,-14.112703275602998,18.701006458642812,-2.9847722398944567
570,-13.377908775806619,17.569199705989057,-1.9763283749584628
571,-14.358320755209814,17.728705797290047,-1.7254739215228951
572,-14.156357823888053,18.734617940950553,1.6201787441338062
573,-12.428513558807978,16.151568590773348,0.11191644003361798
574,-12.111870777169107,15.983707724833701,-2.910106006012793
575,-11.219737685349761,15.048304571345662,-3.3385023423148987
576,-13.271418007136521,13.040145770503653,-5.546902009357677
577,-15.734491338837369,13.745210556308843,-5.696403757387989
578,-15.011347904146925,9.131314930760604,-3.010518727907508
579,-14.996796907515936,9.919716536714391,-6.040497936015775
580,-16.03902416514569,9.572478767589296,-6.289695571826111
581,-13.97553326849692,12.499044079735965,-5.283847659097982
582,-11.493276750073612,12.166543152236745,-5.318908243313507
583,-11.376047965218419,12.900524287736529,-5.6715207691425515
584,-14.180886768754313,14.335651731854343,-4.247831969751999
585,-9.492710036014634,14.137873199063558,-5.477353627510512
586,-9.368154717305378,15.136438253099524,-4.332514960685415
587,-9.532016456116022,13.140947496855645,-6.868309186429588
588,-8.416910629321768,10.762268424820698,-6.869982974907938
589,-6.415377113737191,13.073256024905136,-6.011448038651552
590,-3.619452913447706,13.58067499373991,-7.256725201326562
591,-5.509032642072126,12.299597322250982,-9.207682120685169
592,-6.381773393766098,14.625035985572522,-3.651922914295226
593,-10.213872459906757,15.235156031140038,-3.4835963613953718
594,-9.577255245343993,12.958062531158577,-5.904712478101816
595,-6.756922833438012,11.764979487203107,-4.84321263126013
596,-6.310038861383987,13.484630052763878,-4.680225562023914
597,-3.848428564030634,11.310466535449848,-5.47898439744907
598,-6.548203136388559,8.99094606079234,-8.216498325796405
599,-7.14568855972288,7.590708680274214,-7.773660617840841
600,-6.678323656173373,8.188456974856257,-6.680766892065245
601,-7.684481962963051,9.050809775528121,-6.181181932854077
602,-9.807254558028376,13.398497862235699,-2.1645653154682245
603,-9.339302781244827,12.812046131937548,-1.9750989962501944
604,-6.443326744737457,15.453097775614395,-0.9866666054364905
605,-8.338141838100755,14.111583329903308,-0.5450519636556871
606,-4.220641453969146,12.917384519271447,-1.3077750145086624
607,-2.8705538634697145,16.098074538507664,-1.1853576608106362
608,-4.857109720610491,13.638711891422602,-0.6623567537477781
609,-3.557294979961318,13.014529119495345,-2.2367324290150274
610,-6.280849437984591,13.600363194620417,-0.8789290324110717
611,-4.5960815354582625,14.850167655229997,0.474968911631859
612,-6.378074524040063,21.12640184426176,2.5835534889872105
613,-8.89033106708147,18.918455401610622,3.5480858327060227
614,-6.787970411809435,18.940900545963977,1.937951844856351
615,-5.66706508619468,21.755067288387103,5.424091682570733
616,-5.743449981690907,20.50627051236059,2.680315786567601
617,-8.051009043367324,17.257476739182426,2.0288702526017572
618,-7.493730718864868,16.659193541550906,2.134732409729752
619,-4.739940929793461,16.85492799137989,0.5957679225285265
620,-6.195667717382648,15.258192626150452,1.1917256199163908
621,-3.87318163958313,16.880608930332134,0.6277351862414215
622,-3.8774918763605943,15.281454025082155,0.5604686403440206
623,-6.9994385061557125,14.273659342580784,1.135884683533799
624,-7.077712600156465,14.38764637471473,-1.0536357734392983
625,-5.754662423263821,17.852183868748575,-0.24137982005303482
626,-7.744663034471551,17.77471497492438,4.144759023290448
627,-5.0735606609765,20.40818111659068,4.106540951674863
628,-5.689330298894658,20.18705693771515,3.6101163523092823
629,-6.882153472300943,18.720816791075027,2.766188952952629
630,-6.520623128662213,20.51778319425661,3.5834263927731005
631,-6.491053678881253,20.949932550441865,2.836009816619559
632,-5.524423869977784,18.27897165069519,-0.4361967330020394
633,-4.759685306485435,19.160069560243752,0.11664991856262949
634,-3.1740608297399286,16.36960681675679,-0.8558739227402886
635,-9.137726063846248,14.400145276929848,0.5624830674719019
636,-10.325524256351857,14.344555005824317,0.5716704022346168
637,-10.542224090280937,15.751039676156374,-0.6104304125245418
638,-9.733050245530894,16.37309208106324,0.11969668209626005
639,-10.872562776108566,15.025540879162815,-1.1848149321584254
640,-12.461190149181203,11.486666467718663,-0.30209196241646347
641,-13.339664906532267,11.533919689584355,0.23619081592457022
642,-14.153238292685877,11.777403732928377,1.2114099329948087
643,-12.872148027477152,11.515285433347223,2.6667660617555713
644,-14.056333624156915,12.146974387273463,2.810579142826689
645,-10.030636010085376,14.83483706471631,4.484639706628397
646,-9.521590838660273,15.741830117244804,4.815489832006224
647,-8.701955271387058,14.138723265308254,5.631939091242561
648,-11.296211588225754,12.18373909044454,6.415990991919823
649,-9.406760494786568,15.016672460842829,8.350327451823675
650,-12.36949295898981,16.581239897012544,8.61616597532589
651,-13.316753403523276,15.195929539975218,10.510518155104357
652,-11.93919249272541,18.269728331277527,15.016240903596536
653,-12.87830914310309,20.20709302149843,16.769656481691406
654,-13.8060381023241,19.39263552988641,14.701534881140725
655,-13.886176290045148,17.2912915490589,17.267101088989044
656,-17.444342786375458,15.14300720302398,15.963167175770796
657,-17.1248841661904,14.55793722123154,16.690484426768844
658,-15.960470474820895,16.801712573076344,15.114964599853687
659,-16.989173057640617,13.914427717912801,14.721281814284819
660,-17.56744761334794,10.43619936037711,16.300215081507865
661,-16.956423485287758,11.365408641370916,11.673235190788853
662,-15.924243197130572,12.372509459640632,9.342200764230443
663,-16.266969090010466,7.626646699855141,9.861657260611272
664,-17.857271365901074,7.192006716697093,8.389966245694241
665,-17.144961344232684,5.520874183197501,8.174615786857242
666,-17.92268319651627,5.450358630584887,9.265109660298169
667,-17.977237354659508,4.3677731100681365,9.421952531328891
668,-18.871251523081934,5.360878906269426,8.076262303156964
669,-19.297800324962278,6.523364797407163,7.754753064650693
670,-19.397606122966923,5.203477173637946,6.703726596677239
671,-19.095578995779753,6.2258622442620055,5.134311510669717
672,-18.32752007754592,3.8451875373225075,1.8454603789709407
673,-18.932271269216084,4.747754141382349,1.233896083768128
674,-18.94503566190199,5.2779153135098955,-1.3029408464569463
675,-19.352249621424647,3.231438312642178,-2.9865018520826303
676,-18.48666366205345,3.1393633013682107,-2.932449826261859
677,-16.8858051898914,3.970131593529258,-1.8391668229149019
678,-19.944095683296457,2.7978130270846147,-4.529480489707972
679,-19.789909523419315,0.19051818483788363,0.35213656585640674
680,-17.848143749067173,-2.785132223979653,-4.2645256579406245
681,-18.87096569121621,-0.1317142333701985,-0.6311794466558787
682,-19.190701315254863,3.292864268686793,-4.944751915128178
683,-18.887144305108286,-2.3064692237549793,-2.0833569332885076
684,-17.853523062580216,-0.5084636048141881,-2.300168878551397
685,-14.43463121014811,-2.3839141873938496,-3.6529066090262647
686,-16.812778205465644,-5.787493885836563,-4.041090884986446
687,-14.5519551753959,-4.505647289724146,-3.847584441123365
688,-14.937092023055461,-1.4688484239929378,-6.127056522930656
689,-13.574351700845282,-0.7423999573572649,-5.759308150119518
690,-14.322212320187734,-1.6855127300403259,-4.081838780261613
691,-11.623071311668904,-2.3542821863715786,-0.9598441414082787
692,-9.09263627951958,-3.0541520815240246,-0.9715680989969689
693,-9.942315066053757,-3.2020629398700895,-0.9029975594296787
694,-9.87899983723454,-4.134555038805375,0.9340547331743931
695,-9.13437998961701,-3.69899150425946,-1.4458247892799054
696,-8.929723994434577,-3.401914921124846,1.860582858422355
697,-10.528419805391609,-7.201981940985184,4.389239915114574
698,-8.932790516204827,-8.686175458767728,3.993727032307981
699,-9.421705177959758,-7.3995100072181605,2.2778763225109775
700,-9.634302572348261,-7.885765512950596,1.3271627555717682
701,-8.474582580772827,-8.572969265948851,-0.19360998347055655
702,-6.961071468769198,-5.553661792307759,0.34740709281092425
703,-1.5029694703634227,-5.376942576665527,-2.6197582192036957
704,-3.4451122060695907,-5.619471818215979,-3.194991286269638
705,-2.692992432847506,-7.932735912936504,-2.668856772524586
706,-4.2308586656877125,-8.779231242096449,-2.9815554852256536
707,-4.134858513437799,-7.466327836442543,-0.9893770052366907
708,-4.36568505394625,-7.597811784266748,-1.8927110841969152
709,-5.309564037666281,-7.190207820681359,-2.8929366020461464
710,-2.470505166469979,-13.226955257712474,-1.1716992129055404
711,-1.5195506741434666,-7.700346063862445,-3.0474762198344485
712,-1.7867709912156349,-5.083401851789507,-2.9856040505700876
713,-0.42122952870905506,-3.1408537036866595,-6.2515812380567946
714,-1.6091910637473754,-7.654679298847249,-3.9114401695825896
715,-4.606554462544125,-5.605425471758311,-2.3287552916617895
716,-2.3031785357581023,-5.936051451965357,-4.180255659243125
717,-7.492195568092538,-2.482464869331751,-4.973835787756596
718,-9.569486764411929,0.5767135807242405,-8.333938901451681
719,-11.253366504476652,-0.33622013104042686,-7.94376733854485
720,-6.85141115026886,-2.0177363103469284,-6.4934333574162295
721,-7.138678841280974,-2.4482105673960715,-7.228583163127377
722,-6.233469185669951,-5.338305103355997,-3.9857720888768364
723,-6.54462010332201,-2.2451970091961324,-7.278134445917181
724,-5.580464178547567,-1.864800680373053,-5.722838536608694
725,-5.012048686891083,-2.2968811257176696,-7.445157340600442
726,-7.488251064471368,-5.324397833040586,-7.296637540378276
727,-6.589794809583873,-2.829416253499513,-5.676684024517335
728,-6.385429044921705,-3.60419624979701,-6.037189883468509
729,-5.975945015896926,-1.8070501193692927,-5.850783923709699
730,-9.502723428967204,-3.5631211109820184,-7.1341862124370525
731,-4.835664057367272,0.2365260983645472,-8.914387373111287
732,-7.345563097622738,3.0190316343201267,-8.821152596282117
733,-9.007048537405922,2.550039496359328,-8.736757683991222
734,-9.966816385690576,-1.0230075102722318,-6.996703020593476
735,-10.88884299455947,-1.0387063545803887,-6.542721197569458
736,-9.443526336245162,-0.42301925776477123,-9.359700624909598
737,-10.568729447280976,-1.442110808970122,-7.86359748285326
738,-5.066861987627129,-6.247942499159421,-6.679261929078442
739,-8.069607168447323,-4.484859051091363,-5.9908533108801025
740,-8.492332186171454,-3.114493846403297,-6.606409732300609
741,-13.124368725969397,-3.889316001701456,-7.381895554697221
742,-13.6282625604438,-7.278783643946902,-7.05031220551587
743,-15.83517181884177,-2.9144469849929346,-8.377733413007993
744,-14.577598114327454,-3.0730124570266306,-9.206512734443363
745,-16.140359052627687,-2.147271984890103,-7.772944618360484
746,-14.0783369034693,-3.2925763315183683,-7.060126327372245
747,-15.07788287324976,-1.9817543291622866,-11.63892661743326
748,-10.233308408036208,-0.3917308327752011,-9.408046178202104
749,-6.988008622222319,-2.5417582299123413,-8.271889523326358
750,-8.223692933012817,-2.796249584137392,-8.22909466525382
751,-10.890035282018895,-4.9649315231749815,-7.810760416636243
752,-10.026653600371334,-5.723538304652352,-7.477193176381097
753,-11.656852383082946,-1.542103813725508,-8.896678583208283
754,-11.233425280996787,-3.4187844147504256,-7.527036675008384
755,-8.427795288935254,-4.8589321079807295,-8.577319823306917
756,-8.602335873896765,-7.5065393391481825,-6.2145883970582405
757,-12.863077689097485,-7.0052248264168595,-7.360045070197825
758,-11.934977388065276,-6.84169695013591,-6.762738429557856
759,-10.283462084263599,-8.972526140958559,-6.516276416185236
760,-10.831794897735293,-7.408197204975648,-10.648159821962292
761,-11.672652972172951,-8.188865583830815,-8.770581555388775
762,-13.333189570323082,-6.55428290557014,-12.993983606914385
763,-11.219289346429198,-7.253522204395347,-10.847523286570022
764,-11.589603144194164,-6.818332197875649,-8.562085325934484
765,-11.152444672685219,-5.928326950731036,-11.539928155786574
766,-9.405850810657105,-6.13801545032389,-10.961602821984462
767,-10.689438614020249,-6.402780692931548,-9.0034590481918
768,-12.155431946210046,-7.233886807311504,-10.259622460984035
769,-15.735622302152125,-5.354176343399352,-11.2524046385725
770,-13.408446288696478,-3.6471778147221348,-10.89654093472541
771,-12.857833582395816,-2.3551156900116927,-9.848283648796494
772,-11.922332208213064,-4.10163935589019,-9.968572980464712
773,-9.041617149159922,-7.7328666469968095,-7.495986296744933
774,-8.388155783100009,-7.67022287520951,-7.709252009316792
775,-7.2090194307165865,-7.412414884155363,-8.362786142776438
776,-4.508170903083825,-6.212436919096338,-3.465843824001341
777,-4.274946708760811,-5.823193334298506,-7.753439468970437
778,-6.4034600194845375,-4.6880346599754175,-6.328921231271733
779,-9.810658208453352,-3.982841347009698,-9.459493830900088
780,-7.566104349054655,-0.5424502436727763,-9.306622129804794
781,-10.60643250722846,-2.3072354129116857,-9.481356361188919
782,-10.384821763053722,1.7352953725316556,-8.919147617673408
783,-8.252235164076266,0.1952260647865239,-10.877818916100301
784,-7.923550091202466,-0.22249138098955556,-10.472973174758724
785,-6.454897919942574,-1.8305839489649862,-8.985425189019121
786,-8.259708309426436,0.07353827397280017,-11.725648003882759
787,-10.619651242978426,2.7373183890478825,-13.49861517491659
788,-10.941005109724262,3.298027419714411,-11.243764464695039
789,-11.839164856781478,-0.46289146003317866,-12.126089040438304
790,-13.008630298024416,-5.175704038654615,-10.663231233761666
791,-12.45413696340741,-3.3341516830742446,-11.450780800374616
792,-14.099878541560878,-3.2375553796712024,-12.365838059733225
793,-13.677507205700078,-4.797844316155588,-11.191528009366069
794,-12.139376462099829,-4.339912834756434,-10.273502272959153
795,-13.263510678282467,-5.818356665729714,-11.956116208630302
796,-11.597900562080474,-5.104047193806437,-10.873561408914302
797,-9.927785964500412,-4.952541034276728,-11.919023499047395
798,-13.482343503523602,-0.6728705687615256,-14.019912166482998
799,-14.50964323707285,-2.9322090870750235,-13.457483042495728
800,-13.501720682135542,-1.8052839222477186,-12.817655200654999
801,-13.70417062684242,-2.789450373810559,-13.591138087623479
802,-11.311702472689179,-7.005887674492526,-11.956728271708338
803,-13.534821928363614,-7.547499596694235,-12.725793109947677
804,-14.276716915799412,-7.361701240202163,-10.1075070730096
805,-13.680714555647315,-4.205899052959874,-9.374334805223963
806,-14.008451110300424,-8.499270927501382,-7.373951150382375
807,-15.178293757087681,-10.238845549408191,-7.279530227692531
808,-15.372880761599848,-12.02678001879095,-6.310716723651644
809,-14.804856463855627,-12.01000426821389,-6.050500577379386
810,-15.680038270572847,-11.450319498884035,-6.224031872778091
811,-16.338737070454656,-8.360632650457248,-7.04339669959685
812,-14.231329549220145,-10.491239616683625,-6.005468359168858
813,-12.925985191128241,-10.811289711307168,-4.58315633940522
814,-13.846617036570612,-8.9760621314375,-5.718387826303173
815,-18.166303855074062,-5.630592477502339,-8.290902990905066
816,-14.394526796232944,-2.8423864167097705,-10.713744490136543
817,-14.925786048534695,-2.6474348055776695,-8.63062681738226
818,-17.85459415774262,-2.087771019637971,-9.70401472978093
819,-13.321593665342705,-1.1305564549139147,-10.735125705624085
820,-11.757376593906557,-3.036127444094083,-8.867813719458429
821,-15.219478166991394,-4.8370577300186826,-9.45647785356332
822,-10.111239005525633,-2.709985440732706,-10.927487234739104
823,-9.992560566708926,-3.4305686218715943,-9.38124813440193
824,-13.360285150448691,-2.919179824777387,-9.714656556508197
825,-8.449861618354413,-3.3435465823825656,-10.471291723340983
826,-11.399264749310356,-1.1932111893047976,-12.7755413976044
827,-12.870787248595125,0.756392872878536,-11.773149151657625
828,-14.803743219248691,1.4836000656183541,-12.532979164791971
829,-12.53086458949211,0.6008939541018459,-11.758987573388566
830,-11.368268319335886,-0.6259329446602031,-11.243207743001758
831,-12.483319356588161,1.6761520810395687,-11.136296543625107
832,-14.181748357073667,-0.2368989815503607,-11.729077279688019
833,-13.781351144998782,-2.587183612581262,-10.135221727692995
834,-9.167102846772845,-4.835665783432867,-7.133867272991108
835,-11.806099252046483,-6.185268037433798,-8.89679238205211
836,-10.897039118596261,-4.998157815068858,-8.648947152977778
837,-9.559471567986071,-7.44622771165477,-6.401267089602193
838,-12.287413005430253,-8.378632569368927,-7.812247864107316
839,-10.76136003191464,-2.339286332097484,-10.910054880699754
840,-10.103390828688864,-2.410045291334911,-10.128803403182978
841,-8.884470092151519,-0.6384344307269787,-11.844937903830758
842,-3.768832589707536,-1.0737953407186125,-12.815931037271525
843,-2.2974776145243263,-2.9871932374420433,-11.97164357787226
844,-3.9172501749254622,0.5759793363888763,-10.710292483201044
845,-0.23394283260555812,0.059943132734467754,-9.948018070719394
846,1.3470052626192879,0.13930532610628854,-11.234684490277791
847,8.91302691384151,0.732469345302129,-11.706198218710792
848,1.4103350027214003,0.9578568236272468,-12.700860162409633
849,4.179841214528765,-0.0908556365522889,-11.743771103670904
850,7.803711021807151,0.6456307374260142,-8.85908179756362
851,9.930335503098117,1.0347073615396265,-7.511335127378447
852,9.393849818820849,0.43182327745197613,-9.06952053514195
853,14.207912371588588,0.5458580744368712,-5.0457974588999335
854,15.398016207097076,-0.933430140258427,-4.787427391686921
855,14.240901413625727,-0.5819881235973543,-7.3572577964498915
856,17.04314037199231,-0.6537694846898916,-6.174497100011934
857,10.411884421887022,-0.6101679049816232,-6.623664409817772
858,10.341850748882708,-0.9690420714089447,-6.3847426267320415
859,12.930498133376473,-3.1122672301553265,-3.28925852839559
860,12.126836370257548,-3.1602189456312697,-2.4116607022848173
861,8.308668121397883,-3.7058223097808103,-2.9986878184359265
862,8.476363330075563,-2.240414169837858,-2.907026015463196
863,8.933430178581292,-5.3856948426026,-0.7126239986839848
864,7.580380883617095,-2.4607803293074415,-3.330976964127094
865,11.541884740805797,-3.9535322094446372,3.4838861833320207
866,12.600821029280604,-6.408967395215913,0.02940723215268535
867,8.389296334231206,-7.770776882052154,0.8452752940491655
868,10.69868030328416,-7.267209192897436,2.9880184119223356
869,13.464997634948721,-9.817279249889094,6.744917368260118
870,15.19814289725991,-4.382683072167823,5.113853533103708
871,14.825073373522663,-3.0150165368034747,8.406295437058455
872,14.798786176065526,-5.331444315105908,4.071484104395167
873,13.911406072909339,-5.6717236036119125,6.947224056421528
874,16.388149891655317,-2.1297027758518476,8.179160752506316
875,16.419495581110205,0.027250773269471344,4.353256923225073
876,13.939736921526281,-0.8810038199043009,6.171888279910182
877,16.526266126699742,1.2197982207894071,6.155673466237807
878,18.716118570829284,-1.6563229428290616,6.3071609882426705
879,18.032922201411704,0.16229671475297677,7.842085647051975
880,19.122221356879987,-2.8199391609729787,6.94607787136156
881,17.066481674372803,-3.3466990424748264,6.384850974790784
882,18.92578158890528,-1.876599375022582,4.909267782102869
883,17.51780120069409,-3.2134154961334964,4.738481210146944
884,21.424459002252373,1.9728404714199927,2.808134534170449
885,19.05040721293195,-0.6768994394412775,6.144263348301111
886,18.96608604072046,-0.990229507259804,3.842278366248951
887,18.41473120999695,-0.4792540038393209,4.987780871535524
888,18.459741212433432,-1.9301298790506023,5.066055430878663
889,19.619554869831035,1.4085007035886534,3.531490867022975
890,19.581663054993218,-0.0657431550774416,3.143256192522265
891,20.984329527692196,0.7932973274184733,1.892271420541179
892,22.737228452317765,5.373717135951587,0.3954942934587578
893,23.91343537126033,7.890196184572421,0.907869600659223
894,22.513970685884754,10.777723255366976,-0.17509604792384476
895,20.302499352084034,7.040323693483005,3.179129260195907
896,19.40497687100765,3.629164858012801,4.784304011002004
897,17.782176256353242,1.404372124608922,5.542624090208373
898,17.608184670704766,0.8576533793947642,6.863340807627346
899,16.707113045808196,-1.1352639871747767,6.650074490612521
900,15.39395694781617,-4.5747162843732365,6.2475977282363635
901,17.85756570594573,1.718604123277387,5.773104981533702
902,16.812776144637457,-2.3918476624738245,5.171616299264228
903,14.457082869541319,-7.536072862233393,5.402134980241027
904,16.83186733318784,-8.890618881665477,3.1553221558721924
905,14.882245897859717,-10.362018498464856,2.3559995527711375
906,14.819048219355757,-9.883793202382877,1.6508910178653253
907,13.259245272974358,-10.874170062928101,0.3914798478010564
908,12.86886627501404,-13.65143479821436,1.849202091488948
909,14.23704277114919,-9.73001372209637,1.4672408543750064
910,11.80949391681738,-13.582441886460359,3.16215672988636
911,11.132905575845305,-14.3640695216657,2.670489640609243
912,10.001005502804368,-15.492181626481534,2.6185866540375113
913,11.61467467947654,-14.662495189602293,2.4350787562951024
914,15.637587800767786,-9.407474324750119,3.7080768126513073
915,17.611225769365877,-8.609989513921867,5.92469296274697
916,14.781915565450738,-9.325966217215512,5.874142975034603
917,14.15903721973076,-14.264854300366933,6.917279940502689
918,15.57126851682578,-9.764682255347564,7.05122385888629
919,17.309241670919732,-8.929112572918232,3.400224524096508
920,15.700607972727918,-10.11696701706206,4.445334048387405
921,15.37158986966549,-8.986598515495704,5.804395738909165
922,17.31521335213146,-10.654859970344182,5.476412368804913
923,17.25055438674657,-9.172195662488411,4.870370873834251
924,16.623244002386198,-5.599038883080488,3.905633651028328
925,20.679608618821746,-2.9368029832557903,2.740359214973145
926,20.00068512004309,-3.9103561540475678,3.9879927678869156
927,22.486202139262854,-3.3156958586616456,4.206151622668363
928,20.918971887491345,-2.447035596801057,3.38744359047824
929,22.042789221000216,2.031431277602349,2.1478429099023693
930,20.726715703908674,2.6506153556589216,2.9968970521838325
931,19.870243231879318,4.470203981581174,6.428109655201472
932,20.828579718023054,0.06186633578230769,4.111276973687581
933,21.836768331987294,1.5992839217072001,3.820049483712239
934,20.976251089046762,3.434249680184607,3.1276475715849785
935,22.95323163541698,-0.16115287803637882,2.3925954957943287
936,21.136092235553225,2.93168941779588,-0.21934749768590955
937,23.791636392056,3.0677008835759545,-4.246875243888297
938,24.273263641544048,4.143679101556007,-4.039853858417795
939,23.169258090991804,3.167870873281307,-4.168720341267614
940,23.59493790553227,6.110369007077736,-4.419417713905884
941,23.601040758986468,6.161638533911213,-5.177941688986955
942,20.824809115404054,6.474765698299388,-4.36281863763034
943,20.898181954514126,4.0207792277146,-7.463358064616871
944,24.061035220611643,3.0778486455581375,-3.647520804569703
945,21.004202876970965,4.825260001537084,-3.8199083789719217
946,22.31084446963037,3.5038901840349674,-4.89688732055253
947,22.625118499532856,4.869213201536736,-4.374386450627399
948,21.680796618292483,3.869445371491895,-4.556132759794341
949,17.45556410625177,4.903488553789828,-5.1658259031469225
950,17.53419797273194,4.1181752192297685,-5.171903647495006
951,21.645713680949154,4.571672687492559,-5.849155584497761
952,21.649986031030508,4.57918570691768,-4.596794292700866
953,17.847564540304983,9.03030757895209,-5.797318137630867
954,18.849189758553088,8.328788140197883,-4.701280365107618
955,20.96924730271569,7.2866213349538675,-5.464042705058304
956,22.991028737221107,9.626411009700993,-3.04114918919387
957,21.33753532966388,8.486450973546779,-5.856387251567099
958,19.12359990782063,6.6431139801959675,-3.719180000406
959,19.230910698692067,6.197787115044128,-4.8643589123221584
960,19.60448209414278,5.395207657425026,-5.9367719016762
961,19.333086880708535,3.1402161245825204,-5.174242016189097
962,19.100584955930135,3.269030984750681,-3.6592104340064777
963,20.484772919863527,0.2061933441879851,-3.137533031369033
964,19.099970271476643,3.6156040078827436,-3.0450921268990503
965,19.9536663275369,3.1276857411244063,-1.457020708627683
966,19.63801531937077,4.634182116080379,-3.36612991497668
967,19.667644271793584,5.628167327470154,-3.227984276512849
968,20.671969469998285,5.577138015401637,-3.468613089817647
969,21.492360061037836,5.385084672004823,-2.873354333789609
970,23.56087357481968,3.207361093331741,-4.912535606994778
971,19.37247585458997,-0.05229206613598643,-1.0192536873799067
972,20.076964194686564,0.8756203894651318,-1.5423018831813904
973,17.735483949875338,3.0642118137496404,-0.028163218166522137
974,15.387913688942701,5.734164750278622,-0.2809517178424806
975,18.725179050606634,10.574771868818871,-2.427093546145042
976,18.648701581856926,8.159710968100525,-1.0664528283190151
977,20.681561801479514,6.167775067303922,-2.2829067689865914
978,22.865640075870694,8.879156713757931,-1.3050654228918872
979,23.71073551268077,5.3384878527808315,0.3894181536744247
980,22.86871455817209,6.8886925199777,-0.9113949042377166
981,24.918113236443066,6.402840394406104,-1.357746851792469
982,25.371616860095113,8.149013279308313,-1.3306706593341902
983,24.241337087427972,9.452418973305035,0.05968439864551691
984,22.15597390329726,12.892584374675934,-0.09877317255834989
985,25.68269433570212,12.390690544495081,-0.41770814132450074
986,27.198820862186885,7.649513897554424,-2.319502794198072
987,26.04875365478607,10.423630281838442,-2.61510562408194
988,25.40719972037504,11.594512459686625,-3.5777395756276573
989,22.581429651679777,14.213434284561687,-1.1824664862927567
990,24.037985292777382,14.493573232445879,-2.8176498173867937
991,22.46625025017452,11.93426831646157,-4.714346189284199
992,16.914698799810804,13.708823430523388,-4.584323084969238
993,18.59632020358347,16.21687725746106,-4.043621227758569
994,18.09173903475057,13.642503408297012,-6.863384006298681
995,19.035396518958063,9.913485722717992,-7.736324631737089
996,19.69227666376064,11.176461739607234,-7.183384380985238
997,19.783500409810255,10.233872088791529,-9.192083298065727
998,23.470453153814763,9.524833240304355,-7.822394532298393
999,26.77028234601753,10.204098818314874,-9.583643034957264
1000,23.579324060614887,6.462184460351309,-7.805431642399599
1001,25.25631507490384,7.562668145327758,-13.458386257734126
